/*******************************************************************************
 * Size: 48 px
 * Bpp: 2
 * Opts: --bpp 2 --size 48 --no-compress --no-prefilter --no-kerning --format lvgl --lv-include lvgl.h --font /home/df1080/.local/share/fonts/JetBrainsMono/JetBrainsMonoNerdFontMono-Bold.ttf --range 0x20-0x7E -o Mono_48.c
 ******************************************************************************/

#include "lvgl.h"

#ifndef MONO_48
#define MONO_48 1
#endif

#if MONO_48

/*-----------------
 *    BITMAPS
 *----------------*/

/*Store the image of the glyphs*/
static LV_ATTRIBUTE_LARGE_CONST const uint8_t glyph_bitmap[] = {
    /* U+0020 " " */

    /* U+0021 "!" */
    0x3f, 0xfe, 0xf, 0xff, 0x83, 0xff, 0xe0, 0xff,
    0xf8, 0x2f, 0xfe, 0xb, 0xff, 0x82, 0xff, 0xd0,
    0xbf, 0xf4, 0x2f, 0xfd, 0xb, 0xff, 0x42, 0xff,
    0xd0, 0xbf, 0xf4, 0x2f, 0xfd, 0x7, 0xff, 0x41,
    0xff, 0xd0, 0x7f, 0xf0, 0x1f, 0xfc, 0x7, 0xff,
    0x1, 0xff, 0xc0, 0x7f, 0xf0, 0x1f, 0xfc, 0x7,
    0xff, 0x0, 0xff, 0xc0, 0x3f, 0xf0, 0x5, 0x50,
    0x0, 0x0, 0x0, 0x0, 0x0, 0x0, 0x0, 0x1,
    0x50, 0xb, 0xff, 0x47, 0xff, 0xf2, 0xff, 0xfd,
    0xbf, 0xff, 0x4f, 0xff, 0xc0, 0xff, 0x80,

    /* U+0022 "\"" */
    0x7f, 0xfc, 0x0, 0xff, 0xf5, 0xff, 0xf0, 0x3,
    0xff, 0xc7, 0xff, 0xc0, 0xf, 0xff, 0x1f, 0xff,
    0x0, 0x3f, 0xfc, 0x7f, 0xfc, 0x0, 0xff, 0xf1,
    0xff, 0xf0, 0x3, 0xff, 0xc7, 0xff, 0xc0, 0xf,
    0xff, 0x1f, 0xfe, 0x0, 0x3f, 0xfc, 0x3f, 0xf8,
    0x0, 0xff, 0xf0, 0xff, 0xe0, 0x3, 0xff, 0xc3,
    0xff, 0x80, 0xf, 0xff, 0xf, 0xfe, 0x0, 0x3f,
    0xfc, 0x3f, 0xf8, 0x0, 0xff, 0xf0, 0xff, 0xe0,
    0x3, 0xff, 0xc1, 0x55, 0x40, 0x5, 0x55, 0x0,

    /* U+0023 "#" */
    0x0, 0x0, 0x7f, 0xc0, 0x0, 0xff, 0x0, 0x0,
    0x1, 0xff, 0x0, 0x7, 0xfc, 0x0, 0x0, 0xb,
    0xf8, 0x0, 0x2f, 0xe0, 0x0, 0x0, 0x3f, 0xd0,
    0x0, 0xff, 0x40, 0x0, 0x0, 0xff, 0x0, 0x3,
    0xfc, 0x0, 0x0, 0x7, 0xfc, 0x0, 0xf, 0xf0,
    0x0, 0x0, 0x1f, 0xe0, 0x0, 0x7f, 0xc0, 0x0,
    0x0, 0xbf, 0x80, 0x2, 0xfe, 0x0, 0xb, 0xff,
    0xff, 0xff, 0xff, 0xff, 0xf0, 0x2f, 0xff, 0xff,
    0xff, 0xff, 0xff, 0xc0, 0xbf, 0xff, 0xff, 0xff,
    0xff, 0xff, 0x2, 0xff, 0xff, 0xff, 0xff, 0xff,
    0xfc, 0x0, 0xb, 0xf8, 0x0, 0x2f, 0xe0, 0x0,
    0x0, 0x2f, 0xe0, 0x0, 0xbf, 0x80, 0x0, 0x0,
    0xff, 0x40, 0x3, 0xfd, 0x0, 0x0, 0x3, 0xfc,
    0x0, 0xf, 0xf0, 0x0, 0x0, 0xf, 0xf0, 0x0,
    0x3f, 0xc0, 0x0, 0x0, 0x7f, 0xc0, 0x1, 0xff,
    0x0, 0x0, 0x1, 0xfe, 0x0, 0x7, 0xfc, 0x0,
    0x0, 0xb, 0xf8, 0x0, 0x2f, 0xe0, 0x0, 0x0,
    0x3f, 0xd0, 0x0, 0xbf, 0x40, 0x0, 0x0, 0xff,
    0x40, 0x3, 0xfd, 0x0, 0x7, 0xff, 0xff, 0xff,
    0xff, 0xff, 0xf4, 0x1f, 0xff, 0xff, 0xff, 0xff,
    0xff, 0xd0, 0x7f, 0xff, 0xff, 0xff, 0xff, 0xff,
    0x41, 0xff, 0xff, 0xff, 0xff, 0xff, 0xfd, 0x0,
    0xf, 0xf4, 0x0, 0x2f, 0xd0, 0x0, 0x0, 0x3f,
    0xc0, 0x0, 0xff, 0x40, 0x0, 0x0, 0xff, 0x0,
    0x3, 0xfc, 0x0, 0x0, 0x7, 0xfc, 0x0, 0x1f,
    0xf0, 0x0, 0x0, 0x1f, 0xe0, 0x0, 0x7f, 0x80,
    0x0, 0x0, 0xbf, 0x80, 0x2, 0xfe, 0x0, 0x0,
    0x3, 0xfd, 0x0, 0xf, 0xf4, 0x0, 0x0, 0xf,
    0xf0, 0x0, 0x3f, 0xc0, 0x0, 0x0, 0x3f, 0xc0,
    0x0, 0xff, 0x0, 0x0, 0x0,

    /* U+0024 "$" */
    0x0, 0x0, 0x2, 0xa0, 0x0, 0x0, 0x0, 0x0,
    0x0, 0xfc, 0x0, 0x0, 0x0, 0x0, 0x0, 0x3f,
    0x0, 0x0, 0x0, 0x0, 0x0, 0xf, 0xc0, 0x0,
    0x0, 0x0, 0x0, 0x3, 0xf0, 0x0, 0x0, 0x0,
    0x0, 0x0, 0xfc, 0x0, 0x0, 0x0, 0x0, 0x0,
    0x7f, 0x40, 0x0, 0x0, 0x0, 0xb, 0xff, 0xff,
    0x80, 0x0, 0x0, 0x2f, 0xff, 0xff, 0xfe, 0x0,
    0x0, 0x2f, 0xff, 0xff, 0xff, 0xe0, 0x0, 0x2f,
    0xff, 0xff, 0xff, 0xfe, 0x0, 0x1f, 0xff, 0xff,
    0xff, 0xff, 0xd0, 0xf, 0xff, 0xd3, 0xf2, 0xff,
    0xfc, 0x3, 0xff, 0xd0, 0xfc, 0x1f, 0xff, 0x1,
    0xff, 0xe0, 0x3f, 0x3, 0xff, 0xd0, 0x7f, 0xf8,
    0xf, 0xc0, 0xbf, 0xf4, 0x2f, 0xfe, 0x3, 0xf0,
    0x5, 0x54, 0x7, 0xff, 0x80, 0xfc, 0x0, 0x0,
    0x1, 0xff, 0xf0, 0x3f, 0x0, 0x0, 0x0, 0x3f,
    0xff, 0xf, 0xc0, 0x0, 0x0, 0xf, 0xff, 0xf7,
    0xf0, 0x0, 0x0, 0x1, 0xff, 0xff, 0xfc, 0x0,
    0x0, 0x0, 0x2f, 0xff, 0xff, 0xf8, 0x0, 0x0,
    0x3, 0xff, 0xff, 0xff, 0xe0, 0x0, 0x0, 0x2f,
    0xff, 0xff, 0xff, 0x40, 0x0, 0x1, 0xff, 0xff,
    0xff, 0xf4, 0x0, 0x0, 0x6, 0xff, 0xff, 0xff,
    0x0, 0x0, 0x0, 0xf, 0xff, 0xff, 0xf0, 0x0,
    0x0, 0x3, 0xf6, 0xff, 0xfd, 0x0, 0x0, 0x0,
    0xfc, 0x1f, 0xff, 0x80, 0x0, 0x0, 0x3f, 0x2,
    0xff, 0xf0, 0x0, 0x0, 0xf, 0xc0, 0x3f, 0xfc,
    0x0, 0x0, 0x3, 0xf0, 0xf, 0xff, 0xf, 0xff,
    0x0, 0xfc, 0x3, 0xff, 0xc3, 0xff, 0xc0, 0x3f,
    0x0, 0xff, 0xf0, 0xff, 0xf8, 0xf, 0xc0, 0xbf,
    0xf8, 0x2f, 0xff, 0x83, 0xf0, 0xbf, 0xfd, 0x3,
    0xff, 0xff, 0xff, 0xff, 0xff, 0x0, 0x7f, 0xff,
    0xff, 0xff, 0xff, 0x0, 0xb, 0xff, 0xff, 0xff,
    0xff, 0x40, 0x0, 0x7f, 0xff, 0xff, 0xff, 0x0,
    0x0, 0x2, 0xff, 0xff, 0xfd, 0x0, 0x0, 0x0,
    0x1, 0xbf, 0x90, 0x0, 0x0, 0x0, 0x0, 0xf,
    0xc0, 0x0, 0x0, 0x0, 0x0, 0x3, 0xf0, 0x0,
    0x0, 0x0, 0x0, 0x0, 0xfc, 0x0, 0x0, 0x0,
    0x0, 0x0, 0x3f, 0x0, 0x0, 0x0, 0x0, 0x0,
    0xf, 0xc0, 0x0, 0x0, 0x0, 0x0, 0x3, 0xf0,
    0x0, 0x0, 0x0,

    /* U+0025 "%" */
    0x0, 0xbf, 0xe4, 0x0, 0x0, 0x0, 0xff, 0x42,
    0xff, 0xff, 0xc0, 0x0, 0x0, 0xbf, 0x82, 0xff,
    0xff, 0xfc, 0x0, 0x0, 0x7f, 0xc0, 0xff, 0xff,
    0xff, 0x80, 0x0, 0x3f, 0xd0, 0x7f, 0xd0, 0x2f,
    0xf0, 0x0, 0x2f, 0xe0, 0x2f, 0xe0, 0x3, 0xfc,
    0x0, 0x1f, 0xf0, 0xb, 0xf8, 0x0, 0xff, 0x0,
    0xf, 0xf4, 0x2, 0xfe, 0x0, 0x3f, 0xd0, 0xf,
    0xf8, 0x0, 0xbf, 0x80, 0xf, 0xf4, 0x7, 0xfc,
    0x0, 0x2f, 0xe0, 0x3, 0xfc, 0x3, 0xfc, 0x0,
    0xb, 0xfc, 0x1, 0xff, 0x3, 0xfd, 0x0, 0x1,
    0xff, 0x81, 0xff, 0xc2, 0xfe, 0x0, 0x0, 0x3f,
    0xff, 0xff, 0xd1, 0xff, 0x0, 0x0, 0x7, 0xff,
    0xff, 0xf0, 0xff, 0x40, 0x0, 0x0, 0x7f, 0xff,
    0xe0, 0xbf, 0x80, 0x0, 0x0, 0x1, 0xaa, 0x40,
    0x7f, 0xc0, 0x0, 0x0, 0x0, 0x0, 0x0, 0x3f,
    0xd0, 0x0, 0x0, 0x0, 0x0, 0x0, 0x3f, 0xe0,
    0x0, 0x0, 0x0, 0x0, 0x0, 0x1f, 0xf0, 0x0,
    0x0, 0x0, 0x0, 0x0, 0xf, 0xf0, 0x1f, 0xfd,
    0x0, 0x0, 0x0, 0xf, 0xf4, 0x7f, 0xff, 0xf4,
    0x0, 0x0, 0xb, 0xf8, 0x3f, 0xff, 0xff, 0x40,
    0x0, 0x7, 0xfc, 0x3f, 0xfe, 0xff, 0xf0, 0x0,
    0x3, 0xfd, 0xf, 0xf8, 0xb, 0xfc, 0x0, 0x2,
    0xfe, 0x7, 0xfc, 0x0, 0xff, 0x40, 0x1, 0xff,
    0x1, 0xff, 0x0, 0x3f, 0xe0, 0x0, 0xff, 0x40,
    0x7f, 0xc0, 0xf, 0xf8, 0x0, 0xbf, 0x80, 0x1f,
    0xf0, 0x3, 0xfe, 0x0, 0x7f, 0xc0, 0x7, 0xfc,
    0x0, 0xff, 0x80, 0x3f, 0xc0, 0x1, 0xff, 0x0,
    0x3f, 0xd0, 0x3f, 0xd0, 0x0, 0x3f, 0xe0, 0x2f,
    0xf0, 0x2f, 0xf0, 0x0, 0xf, 0xff, 0xff, 0xfc,
    0x1f, 0xf0, 0x0, 0x0, 0xff, 0xff, 0xfd, 0xf,
    0xf4, 0x0, 0x0, 0x1f, 0xff, 0xfd, 0xb, 0xf8,
    0x0, 0x0, 0x0, 0x7f, 0xf4, 0x0,

    /* U+0026 "&" */
    0x0, 0x0, 0xb, 0xff, 0x90, 0x0, 0x0, 0x0,
    0x0, 0xb, 0xff, 0xff, 0x80, 0x0, 0x0, 0x0,
    0x3, 0xff, 0xff, 0xff, 0x0, 0x0, 0x0, 0x0,
    0xff, 0xff, 0xff, 0xfc, 0x0, 0x0, 0x0, 0x2f,
    0xff, 0xff, 0xff, 0xe0, 0x0, 0x0, 0x3, 0xff,
    0xe0, 0x1f, 0xff, 0x0, 0x0, 0x0, 0x3f, 0xf8,
    0x0, 0x7f, 0xf4, 0x0, 0x0, 0x7, 0xff, 0x40,
    0x3, 0xff, 0x80, 0x0, 0x0, 0x3f, 0xf4, 0x0,
    0x2f, 0xfc, 0x0, 0x0, 0x3, 0xff, 0x80, 0x0,
    0x0, 0x0, 0x0, 0x0, 0x2f, 0xfc, 0x0, 0x0,
    0x0, 0x0, 0x0, 0x0, 0xff, 0xf0, 0x0, 0x0,
    0x0, 0x0, 0x0, 0x7, 0xff, 0x80, 0x0, 0x0,
    0x0, 0x0, 0x0, 0x3f, 0xfe, 0x0, 0x0, 0x0,
    0x0, 0x0, 0x6, 0xff, 0xf4, 0x0, 0x0, 0x0,
    0x0, 0x7, 0xff, 0xff, 0xc0, 0x0, 0x0, 0x0,
    0x2, 0xff, 0xff, 0xff, 0x0, 0x0, 0x0, 0x0,
    0xbf, 0xff, 0xff, 0xf8, 0x0, 0x1a, 0xa9, 0xf,
    0xff, 0xfb, 0xff, 0xd0, 0x3, 0xff, 0xc2, 0xff,
    0xf0, 0xf, 0xff, 0x40, 0xff, 0xf4, 0x3f, 0xfc,
    0x0, 0x7f, 0xfc, 0x2f, 0xfd, 0x3, 0xff, 0x80,
    0x2, 0xff, 0xfb, 0xff, 0x80, 0x3f, 0xf8, 0x0,
    0xf, 0xff, 0xff, 0xf0, 0x3, 0xff, 0x80, 0x0,
    0x3f, 0xff, 0xfc, 0x0, 0x3f, 0xf8, 0x0, 0x0,
    0xff, 0xff, 0x0, 0x3, 0xff, 0x80, 0x0, 0x7,
    0xff, 0xd0, 0x0, 0x3f, 0xf8, 0x0, 0x0, 0xbf,
    0xfe, 0x0, 0x3, 0xff, 0xc0, 0x0, 0x2f, 0xff,
    0xf4, 0x0, 0x3f, 0xfd, 0x0, 0x7, 0xff, 0xff,
    0xc0, 0x2, 0xff, 0xf8, 0x6, 0xff, 0xff, 0xff,
    0x0, 0xf, 0xff, 0xff, 0xff, 0xfd, 0xbf, 0xf8,
    0x0, 0x7f, 0xff, 0xff, 0xff, 0x43, 0xff, 0xd0,
    0x2, 0xff, 0xff, 0xff, 0xd0, 0xf, 0xff, 0x0,
    0x7, 0xff, 0xff, 0xf0, 0x0, 0xbf, 0xf8, 0x0,
    0x6, 0xff, 0xe4, 0x0, 0x3, 0xff, 0xd0,

    /* U+0027 "'" */
    0xff, 0xfb, 0xff, 0xeb, 0xff, 0xaf, 0xfe, 0xbf,
    0xf6, 0xff, 0xdb, 0xff, 0x6f, 0xfd, 0xbf, 0xf6,
    0xff, 0xdb, 0xff, 0x5f, 0xfd, 0x7f, 0xf5, 0xff,
    0xd1, 0x55, 0x0,

    /* U+0028 "(" */
    0x0, 0x0, 0x0, 0x4, 0x0, 0x0, 0x1, 0xbd,
    0x0, 0x0, 0x1f, 0xfd, 0x0, 0x0, 0xbf, 0xfd,
    0x0, 0x7, 0xff, 0xfd, 0x0, 0x1f, 0xff, 0xfd,
    0x0, 0x7f, 0xff, 0xf8, 0x0, 0xff, 0xff, 0x80,
    0x3, 0xff, 0xfc, 0x0, 0xb, 0xff, 0xe0, 0x0,
    0xf, 0xff, 0xc0, 0x0, 0x1f, 0xff, 0x0, 0x0,
    0x3f, 0xfe, 0x0, 0x0, 0x3f, 0xfc, 0x0, 0x0,
    0x7f, 0xfc, 0x0, 0x0, 0xbf, 0xf8, 0x0, 0x0,
    0xff, 0xf4, 0x0, 0x0, 0xff, 0xf0, 0x0, 0x0,
    0xff, 0xf0, 0x0, 0x0, 0xff, 0xf0, 0x0, 0x0,
    0xff, 0xf0, 0x0, 0x0, 0xff, 0xf0, 0x0, 0x0,
    0xff, 0xf0, 0x0, 0x0, 0xff, 0xf0, 0x0, 0x0,
    0xff, 0xf0, 0x0, 0x0, 0xff, 0xf0, 0x0, 0x0,
    0xff, 0xf0, 0x0, 0x0, 0xff, 0xf0, 0x0, 0x0,
    0xff, 0xf0, 0x0, 0x0, 0xff, 0xf0, 0x0, 0x0,
    0xff, 0xf4, 0x0, 0x0, 0xbf, 0xf4, 0x0, 0x0,
    0x7f, 0xf8, 0x0, 0x0, 0x7f, 0xfc, 0x0, 0x0,
    0x3f, 0xfd, 0x0, 0x0, 0x2f, 0xff, 0x0, 0x0,
    0xf, 0xff, 0x80, 0x0, 0xb, 0xff, 0xe0, 0x0,
    0x3, 0xff, 0xf8, 0x0, 0x1, 0xff, 0xff, 0x40,
    0x0, 0xbf, 0xff, 0xf4, 0x0, 0x2f, 0xff, 0xfd,
    0x0, 0xb, 0xff, 0xfd, 0x0, 0x1, 0xff, 0xfd,
    0x0, 0x0, 0x2f, 0xfd, 0x0, 0x0, 0x2, 0xfd,
    0x0, 0x0, 0x0, 0x8,

    /* U+0029 ")" */
    0x0, 0x0, 0x0, 0x0, 0x7e, 0x0, 0x0, 0x0,
    0x7f, 0xe0, 0x0, 0x0, 0x7f, 0xfe, 0x0, 0x0,
    0x7f, 0xff, 0xc0, 0x0, 0x7f, 0xff, 0xf0, 0x0,
    0x7f, 0xff, 0xfc, 0x0, 0x2, 0xff, 0xff, 0x0,
    0x0, 0x3f, 0xff, 0x80, 0x0, 0xf, 0xff, 0xd0,
    0x0, 0x3, 0xff, 0xf0, 0x0, 0x1, 0xff, 0xf4,
    0x0, 0x0, 0xff, 0xf8, 0x0, 0x0, 0x7f, 0xfc,
    0x0, 0x0, 0x3f, 0xfc, 0x0, 0x0, 0x2f, 0xfd,
    0x0, 0x0, 0x2f, 0xfe, 0x0, 0x0, 0x1f, 0xfe,
    0x0, 0x0, 0x1f, 0xfe, 0x0, 0x0, 0x1f, 0xff,
    0x0, 0x0, 0x1f, 0xff, 0x0, 0x0, 0x1f, 0xff,
    0x0, 0x0, 0x1f, 0xff, 0x0, 0x0, 0x1f, 0xff,
    0x0, 0x0, 0x1f, 0xff, 0x0, 0x0, 0x1f, 0xff,
    0x0, 0x0, 0x1f, 0xff, 0x0, 0x0, 0x1f, 0xff,
    0x0, 0x0, 0x1f, 0xfe, 0x0, 0x0, 0x1f, 0xfe,
    0x0, 0x0, 0x1f, 0xfe, 0x0, 0x0, 0x2f, 0xfd,
    0x0, 0x0, 0x3f, 0xfd, 0x0, 0x0, 0x7f, 0xfc,
    0x0, 0x0, 0xbf, 0xfc, 0x0, 0x1, 0xff, 0xf4,
    0x0, 0x3, 0xff, 0xf0, 0x0, 0xb, 0xff, 0xe0,
    0x0, 0x3f, 0xff, 0xc0, 0x1, 0xff, 0xff, 0x0,
    0x2f, 0xff, 0xfd, 0x0, 0x7f, 0xff, 0xf4, 0x0,
    0x7f, 0xff, 0xd0, 0x0, 0x7f, 0xff, 0x0, 0x0,
    0x7f, 0xf8, 0x0, 0x0, 0x7f, 0x40, 0x0, 0x0,
    0x50, 0x0, 0x0, 0x0,

    /* U+002A "*" */
    0x0, 0x0, 0x3, 0xff, 0x0, 0x0, 0x0, 0x0,
    0x0, 0xf, 0xfc, 0x0, 0x0, 0x0, 0x0, 0x0,
    0x3f, 0xf0, 0x0, 0x0, 0x0, 0x0, 0x0, 0xff,
    0xc0, 0x0, 0x0, 0x0, 0x0, 0x3, 0xff, 0x0,
    0x0, 0x0, 0x0, 0x0, 0xf, 0xfc, 0x0, 0x0,
    0x0, 0x40, 0x0, 0x3f, 0xf0, 0x0, 0x4, 0x3,
    0xf4, 0x0, 0xff, 0x80, 0x7, 0xf0, 0x2f, 0xfe,
    0x3, 0xfe, 0x6, 0xff, 0xd0, 0xff, 0xff, 0xcb,
    0xf5, 0xff, 0xff, 0x87, 0xff, 0xff, 0xff, 0xff,
    0xff, 0xff, 0x6, 0xff, 0xff, 0xff, 0xff, 0xff,
    0xe4, 0x0, 0x7f, 0xff, 0xff, 0xff, 0xf4, 0x0,
    0x0, 0x6, 0xff, 0xff, 0xe4, 0x0, 0x0, 0x0,
    0x0, 0xff, 0xfc, 0x0, 0x0, 0x0, 0x0, 0xf,
    0xff, 0xfc, 0x0, 0x0, 0x0, 0x0, 0xff, 0xef,
    0xfc, 0x0, 0x0, 0x0, 0xf, 0xff, 0x3f, 0xf8,
    0x0, 0x0, 0x0, 0xbf, 0xf4, 0xbf, 0xf4, 0x0,
    0x0, 0x3, 0xff, 0x80, 0xff, 0xf0, 0x0, 0x0,
    0x3f, 0xfc, 0x1, 0xff, 0xe0, 0x0, 0x2, 0xff,
    0xd0, 0x2, 0xff, 0xd0, 0x0, 0xf, 0xfe, 0x0,
    0x3, 0xff, 0x80, 0x0, 0xb, 0xf0, 0x0, 0x3,
    0xf4, 0x0, 0x0, 0x7, 0x40, 0x0, 0x7, 0x0,
    0x0, 0x0, 0x0, 0x0, 0x0, 0x0, 0x0, 0x0,

    /* U+002B "+" */
    0x0, 0x0, 0x2f, 0xfd, 0x0, 0x0, 0x0, 0x0,
    0x2f, 0xfd, 0x0, 0x0, 0x0, 0x0, 0x2f, 0xfd,
    0x0, 0x0, 0x0, 0x0, 0x2f, 0xfd, 0x0, 0x0,
    0x0, 0x0, 0x2f, 0xfd, 0x0, 0x0, 0x0, 0x0,
    0x2f, 0xfd, 0x0, 0x0, 0x0, 0x0, 0x2f, 0xfd,
    0x0, 0x0, 0x0, 0x0, 0x2f, 0xfd, 0x0, 0x0,
    0x0, 0x0, 0x2f, 0xfd, 0x0, 0x0, 0x3f, 0xff,
    0xff, 0xff, 0xff, 0xff, 0x3f, 0xff, 0xff, 0xff,
    0xff, 0xff, 0x3f, 0xff, 0xff, 0xff, 0xff, 0xff,
    0x3f, 0xff, 0xff, 0xff, 0xff, 0xff, 0x3f, 0xff,
    0xff, 0xff, 0xff, 0xff, 0x2a, 0xaa, 0xbf, 0xfe,
    0xaa, 0xaa, 0x0, 0x0, 0x2f, 0xfd, 0x0, 0x0,
    0x0, 0x0, 0x2f, 0xfd, 0x0, 0x0, 0x0, 0x0,
    0x2f, 0xfd, 0x0, 0x0, 0x0, 0x0, 0x2f, 0xfd,
    0x0, 0x0, 0x0, 0x0, 0x2f, 0xfd, 0x0, 0x0,
    0x0, 0x0, 0x2f, 0xfd, 0x0, 0x0, 0x0, 0x0,
    0x2f, 0xfd, 0x0, 0x0, 0x0, 0x0, 0x2f, 0xfd,
    0x0, 0x0,

    /* U+002C "," */
    0x7, 0xff, 0xd0, 0xbf, 0xfc, 0xb, 0xff, 0xc0,
    0xff, 0xf8, 0xf, 0xff, 0x41, 0xff, 0xf0, 0x1f,
    0xff, 0x2, 0xff, 0xe0, 0x3f, 0xfd, 0x3, 0xff,
    0xc0, 0x3f, 0xfc, 0x7, 0xff, 0x80, 0x7f, 0xf4,
    0xb, 0xff, 0x0, 0xff, 0xf0, 0x0,

    /* U+002D "-" */
    0x2a, 0xaa, 0xaa, 0xaa, 0x1f, 0xff, 0xff, 0xff,
    0xc7, 0xff, 0xff, 0xff, 0xf1, 0xff, 0xff, 0xff,
    0xfc, 0x7f, 0xff, 0xff, 0xff, 0x1f, 0xff, 0xff,
    0xff, 0xc0,

    /* U+002E "." */
    0x2, 0xfd, 0x0, 0xff, 0xf8, 0x2f, 0xff, 0xd3,
    0xff, 0xfe, 0x3f, 0xff, 0xf3, 0xff, 0xff, 0x2f,
    0xff, 0xd0, 0xff, 0xfc, 0x2, 0xfe, 0x0,

    /* U+002F "/" */
    0x0, 0x0, 0x0, 0x0, 0xa, 0xa9, 0x0, 0x0,
    0x0, 0x0, 0x2f, 0xfe, 0x0, 0x0, 0x0, 0x0,
    0x3f, 0xfc, 0x0, 0x0, 0x0, 0x0, 0x7f, 0xfc,
    0x0, 0x0, 0x0, 0x0, 0xff, 0xf4, 0x0, 0x0,
    0x0, 0x0, 0xff, 0xf0, 0x0, 0x0, 0x0, 0x2,
    0xff, 0xe0, 0x0, 0x0, 0x0, 0x3, 0xff, 0xd0,
    0x0, 0x0, 0x0, 0x7, 0xff, 0xc0, 0x0, 0x0,
    0x0, 0xb, 0xff, 0x80, 0x0, 0x0, 0x0, 0xf,
    0xff, 0x0, 0x0, 0x0, 0x0, 0x1f, 0xff, 0x0,
    0x0, 0x0, 0x0, 0x2f, 0xfd, 0x0, 0x0, 0x0,
    0x0, 0x3f, 0xfc, 0x0, 0x0, 0x0, 0x0, 0x7f,
    0xfc, 0x0, 0x0, 0x0, 0x0, 0xff, 0xf4, 0x0,
    0x0, 0x0, 0x0, 0xff, 0xf0, 0x0, 0x0, 0x0,
    0x2, 0xff, 0xe0, 0x0, 0x0, 0x0, 0x3, 0xff,
    0xd0, 0x0, 0x0, 0x0, 0x7, 0xff, 0xc0, 0x0,
    0x0, 0x0, 0xb, 0xff, 0x80, 0x0, 0x0, 0x0,
    0xf, 0xff, 0x0, 0x0, 0x0, 0x0, 0x1f, 0xff,
    0x0, 0x0, 0x0, 0x0, 0x3f, 0xfd, 0x0, 0x0,
    0x0, 0x0, 0x3f, 0xfc, 0x0, 0x0, 0x0, 0x0,
    0xbf, 0xf8, 0x0, 0x0, 0x0, 0x0, 0xff, 0xf4,
    0x0, 0x0, 0x0, 0x1, 0xff, 0xf0, 0x0, 0x0,
    0x0, 0x2, 0xff, 0xe0, 0x0, 0x0, 0x0, 0x3,
    0xff, 0xc0, 0x0, 0x0, 0x0, 0x7, 0xff, 0xc0,
    0x0, 0x0, 0x0, 0xf, 0xff, 0x40, 0x0, 0x0,
    0x0, 0xf, 0xff, 0x0, 0x0, 0x0, 0x0, 0x2f,
    0xfe, 0x0, 0x0, 0x0, 0x0, 0x3f, 0xfd, 0x0,
    0x0, 0x0, 0x0, 0x3f, 0xfc, 0x0, 0x0, 0x0,
    0x0, 0xbf, 0xf8, 0x0, 0x0, 0x0, 0x0, 0xff,
    0xf4, 0x0, 0x0, 0x0, 0x1, 0xff, 0xf0, 0x0,
    0x0, 0x0, 0x2, 0xff, 0xe0, 0x0, 0x0, 0x0,
    0x3, 0xff, 0xc0, 0x0, 0x0, 0x0, 0x7, 0xff,
    0xc0, 0x0, 0x0, 0x0, 0xf, 0xff, 0x40, 0x0,
    0x0, 0x0, 0xf, 0xff, 0x0, 0x0, 0x0, 0x0,
    0x2f, 0xfe, 0x0, 0x0, 0x0, 0x0, 0x3f, 0xfd,
    0x0, 0x0, 0x0, 0x0,

    /* U+0030 "0" */
    0x0, 0x1, 0xbf, 0xf9, 0x0, 0x0, 0x0, 0xbf,
    0xff, 0xff, 0x80, 0x0, 0x1f, 0xff, 0xff, 0xff,
    0xc0, 0x1, 0xff, 0xff, 0xff, 0xff, 0xc0, 0xf,
    0xff, 0xff, 0xff, 0xff, 0xc0, 0xbf, 0xff, 0x51,
    0xbf, 0xff, 0x83, 0xff, 0xe0, 0x0, 0x2f, 0xff,
    0x1f, 0xfe, 0x0, 0x0, 0x3f, 0xfc, 0xbf, 0xf0,
    0x0, 0x0, 0x7f, 0xf6, 0xff, 0xc0, 0x0, 0x0,
    0xff, 0xdb, 0xff, 0x0, 0x0, 0x3, 0xff, 0xaf,
    0xfc, 0x0, 0x0, 0xf, 0xfe, 0xbf, 0xf0, 0x0,
    0x0, 0x3f, 0xfa, 0xff, 0xc0, 0x0, 0x0, 0xff,
    0xeb, 0xff, 0x1, 0xfd, 0x3, 0xff, 0xaf, 0xfc,
    0x1f, 0xfc, 0xf, 0xfe, 0xbf, 0xf0, 0xbf, 0xf4,
    0x3f, 0xfa, 0xff, 0xc2, 0xff, 0xd0, 0xff, 0xeb,
    0xff, 0x7, 0xff, 0x3, 0xff, 0xaf, 0xfc, 0x7,
    0xf4, 0xf, 0xfe, 0xbf, 0xf0, 0x0, 0x0, 0x3f,
    0xfa, 0xff, 0xc0, 0x0, 0x0, 0xff, 0xeb, 0xff,
    0x0, 0x0, 0x3, 0xff, 0xaf, 0xfc, 0x0, 0x0,
    0xf, 0xfe, 0xbf, 0xf0, 0x0, 0x0, 0x3f, 0xfa,
    0xff, 0xc0, 0x0, 0x0, 0xff, 0xdb, 0xff, 0x0,
    0x0, 0x7, 0xff, 0x5f, 0xfe, 0x0, 0x0, 0x3f,
    0xfc, 0x3f, 0xfe, 0x0, 0x2, 0xff, 0xf0, 0xbf,
    0xff, 0x51, 0xbf, 0xff, 0x80, 0xff, 0xff, 0xff,
    0xff, 0xfc, 0x1, 0xff, 0xff, 0xff, 0xff, 0xc0,
    0x1, 0xff, 0xff, 0xff, 0xfc, 0x0, 0x0, 0xbf,
    0xff, 0xff, 0x80, 0x0, 0x0, 0x1b, 0xff, 0x90,
    0x0, 0x0,

    /* U+0031 "1" */
    0x0, 0x0, 0xbf, 0xff, 0x0, 0x0, 0x0, 0x3,
    0xff, 0xff, 0x0, 0x0, 0x0, 0x1f, 0xff, 0xff,
    0x0, 0x0, 0x0, 0xbf, 0xff, 0xff, 0x0, 0x0,
    0x7, 0xff, 0xff, 0xff, 0x0, 0x0, 0x2f, 0xff,
    0xff, 0xff, 0x0, 0x0, 0x3f, 0xff, 0xdf, 0xff,
    0x0, 0x0, 0x3f, 0xfe, 0xf, 0xff, 0x0, 0x0,
    0x3f, 0xf4, 0xf, 0xff, 0x0, 0x0, 0x3f, 0xc0,
    0xf, 0xff, 0x0, 0x0, 0x3e, 0x0, 0xf, 0xff,
    0x0, 0x0, 0x34, 0x0, 0xf, 0xff, 0x0, 0x0,
    0x0, 0x0, 0xf, 0xff, 0x0, 0x0, 0x0, 0x0,
    0xf, 0xff, 0x0, 0x0, 0x0, 0x0, 0xf, 0xff,
    0x0, 0x0, 0x0, 0x0, 0xf, 0xff, 0x0, 0x0,
    0x0, 0x0, 0xf, 0xff, 0x0, 0x0, 0x0, 0x0,
    0xf, 0xff, 0x0, 0x0, 0x0, 0x0, 0xf, 0xff,
    0x0, 0x0, 0x0, 0x0, 0xf, 0xff, 0x0, 0x0,
    0x0, 0x0, 0xf, 0xff, 0x0, 0x0, 0x0, 0x0,
    0xf, 0xff, 0x0, 0x0, 0x0, 0x0, 0xf, 0xff,
    0x0, 0x0, 0x0, 0x0, 0xf, 0xff, 0x0, 0x0,
    0x0, 0x0, 0xf, 0xff, 0x0, 0x0, 0x0, 0x0,
    0xf, 0xff, 0x0, 0x0, 0x0, 0x0, 0xf, 0xff,
    0x0, 0x0, 0x0, 0x0, 0xf, 0xff, 0x0, 0x0,
    0x0, 0x0, 0xf, 0xff, 0x0, 0x0, 0x15, 0x55,
    0x5f, 0xff, 0x95, 0x54, 0x3f, 0xff, 0xff, 0xff,
    0xff, 0xfe, 0x3f, 0xff, 0xff, 0xff, 0xff, 0xfe,
    0x3f, 0xff, 0xff, 0xff, 0xff, 0xfe, 0x3f, 0xff,
    0xff, 0xff, 0xff, 0xfe, 0x3f, 0xff, 0xff, 0xff,
    0xff, 0xfe,

    /* U+0032 "2" */
    0x0, 0x1, 0xbf, 0xf9, 0x0, 0x0, 0x0, 0xbf,
    0xff, 0xff, 0x80, 0x0, 0x1f, 0xff, 0xff, 0xff,
    0xc0, 0x1, 0xff, 0xff, 0xff, 0xff, 0xc0, 0xf,
    0xff, 0xff, 0xff, 0xff, 0xc0, 0xbf, 0xff, 0x96,
    0xff, 0xff, 0x43, 0xff, 0xf0, 0x0, 0xbf, 0xff,
    0x2f, 0xff, 0x0, 0x0, 0xbf, 0xfc, 0xbf, 0xf4,
    0x0, 0x0, 0xff, 0xf7, 0xff, 0xc0, 0x0, 0x3,
    0xff, 0xdf, 0xff, 0x0, 0x0, 0xf, 0xff, 0x40,
    0x0, 0x0, 0x0, 0x3f, 0xfd, 0x0, 0x0, 0x0,
    0x0, 0xff, 0xf0, 0x0, 0x0, 0x0, 0x7, 0xff,
    0xc0, 0x0, 0x0, 0x0, 0x3f, 0xfe, 0x0, 0x0,
    0x0, 0x2, 0xff, 0xf0, 0x0, 0x0, 0x0, 0x1f,
    0xff, 0x80, 0x0, 0x0, 0x1, 0xff, 0xfc, 0x0,
    0x0, 0x0, 0x1f, 0xff, 0xc0, 0x0, 0x0, 0x1,
    0xff, 0xfd, 0x0, 0x0, 0x0, 0x1f, 0xff, 0xd0,
    0x0, 0x0, 0x1, 0xff, 0xfd, 0x0, 0x0, 0x0,
    0x1f, 0xff, 0xd0, 0x0, 0x0, 0x1, 0xff, 0xfd,
    0x0, 0x0, 0x0, 0x1f, 0xff, 0xd0, 0x0, 0x0,
    0x1, 0xff, 0xfd, 0x0, 0x0, 0x0, 0x1f, 0xff,
    0xd0, 0x0, 0x0, 0x1, 0xff, 0xfc, 0x0, 0x0,
    0x0, 0x1f, 0xff, 0xc0, 0x0, 0x0, 0x1, 0xff,
    0xfe, 0x55, 0x55, 0x55, 0x57, 0xff, 0xff, 0xff,
    0xff, 0xff, 0xdf, 0xff, 0xff, 0xff, 0xff, 0xff,
    0x7f, 0xff, 0xff, 0xff, 0xff, 0xfd, 0xff, 0xff,
    0xff, 0xff, 0xff, 0xf7, 0xff, 0xff, 0xff, 0xff,
    0xff, 0xc0,

    /* U+0033 "3" */
    0xf, 0xff, 0xff, 0xff, 0xff, 0xf4, 0xf, 0xff,
    0xff, 0xff, 0xff, 0xf4, 0xf, 0xff, 0xff, 0xff,
    0xff, 0xf4, 0xf, 0xff, 0xff, 0xff, 0xff, 0xf4,
    0xf, 0xff, 0xff, 0xff, 0xff, 0xf4, 0x5, 0x55,
    0x55, 0x56, 0xff, 0xf0, 0x0, 0x0, 0x0, 0xb,
    0xff, 0xc0, 0x0, 0x0, 0x0, 0x2f, 0xfe, 0x0,
    0x0, 0x0, 0x0, 0xbf, 0xf8, 0x0, 0x0, 0x0,
    0x2, 0xff, 0xe0, 0x0, 0x0, 0x0, 0xb, 0xff,
    0x80, 0x0, 0x0, 0x0, 0x3f, 0xfe, 0x0, 0x0,
    0x0, 0x0, 0xff, 0xf8, 0x0, 0x0, 0x0, 0x1,
    0xff, 0xff, 0xd0, 0x0, 0x0, 0x1, 0xff, 0xff,
    0xfd, 0x0, 0x0, 0x1, 0xff, 0xff, 0xff, 0x80,
    0x0, 0x1, 0xff, 0xff, 0xff, 0xd0, 0x0, 0x0,
    0xaa, 0xaf, 0xff, 0xf0, 0x0, 0x0, 0x0, 0x2,
    0xff, 0xf8, 0x0, 0x0, 0x0, 0x0, 0xbf, 0xfc,
    0x0, 0x0, 0x0, 0x0, 0x3f, 0xfc, 0x0, 0x0,
    0x0, 0x0, 0x3f, 0xfd, 0x0, 0x0, 0x0, 0x0,
    0x2f, 0xfd, 0x0, 0x0, 0x0, 0x0, 0x2f, 0xfd,
    0x0, 0x0, 0x0, 0x0, 0x2f, 0xfd, 0x3f, 0xfc,
    0x0, 0x0, 0x2f, 0xfd, 0x3f, 0xfc, 0x0, 0x0,
    0x3f, 0xfc, 0x3f, 0xfe, 0x0, 0x0, 0x7f, 0xfc,
    0x2f, 0xff, 0x40, 0x1, 0xff, 0xfc, 0xf, 0xff,
    0xf5, 0x5b, 0xff, 0xf4, 0xb, 0xff, 0xff, 0xff,
    0xff, 0xf0, 0x3, 0xff, 0xff, 0xff, 0xff, 0xc0,
    0x0, 0xff, 0xff, 0xff, 0xff, 0x0, 0x0, 0x1f,
    0xff, 0xff, 0xf8, 0x0, 0x0, 0x1, 0xbf, 0xfe,
    0x40, 0x0,

    /* U+0034 "4" */
    0x0, 0x0, 0x0, 0x2f, 0xff, 0x0, 0x0, 0x0,
    0x0, 0xff, 0xf4, 0x0, 0x0, 0x0, 0xf, 0xff,
    0xc0, 0x0, 0x0, 0x0, 0xbf, 0xfc, 0x0, 0x0,
    0x0, 0x3, 0xff, 0xd0, 0x0, 0x0, 0x0, 0x3f,
    0xff, 0x0, 0x0, 0x0, 0x2, 0xff, 0xf0, 0x0,
    0x0, 0x0, 0x1f, 0xff, 0x40, 0x0, 0x0, 0x0,
    0xff, 0xfc, 0x0, 0x0, 0x0, 0xb, 0xff, 0xc0,
    0x0, 0x0, 0x0, 0x7f, 0xfd, 0x0, 0x0, 0x0,
    0x3, 0xff, 0xf0, 0x0, 0x0, 0x0, 0x2f, 0xff,
    0x0, 0x0, 0x0, 0x1, 0xff, 0xf4, 0x0, 0x0,
    0x0, 0xf, 0xff, 0xc0, 0x1, 0x55, 0x0, 0xbf,
    0xfc, 0x0, 0x2f, 0xfd, 0x7, 0xff, 0xe0, 0x0,
    0xbf, 0xf4, 0x3f, 0xff, 0x0, 0x2, 0xff, 0xd2,
    0xff, 0xf0, 0x0, 0xb, 0xff, 0x4f, 0xff, 0x80,
    0x0, 0x2f, 0xfd, 0x3f, 0xfc, 0x0, 0x0, 0xbf,
    0xf4, 0xff, 0xe0, 0x0, 0x2, 0xff, 0xd3, 0xff,
    0x95, 0x55, 0x5f, 0xff, 0x4f, 0xff, 0xff, 0xff,
    0xff, 0xfd, 0x3f, 0xff, 0xff, 0xff, 0xff, 0xf4,
    0xff, 0xff, 0xff, 0xff, 0xff, 0xd3, 0xff, 0xff,
    0xff, 0xff, 0xff, 0x4f, 0xff, 0xff, 0xff, 0xff,
    0xfd, 0x0, 0x0, 0x0, 0x0, 0xbf, 0xf4, 0x0,
    0x0, 0x0, 0x2, 0xff, 0xd0, 0x0, 0x0, 0x0,
    0xb, 0xff, 0x40, 0x0, 0x0, 0x0, 0x2f, 0xfd,
    0x0, 0x0, 0x0, 0x0, 0xbf, 0xf4, 0x0, 0x0,
    0x0, 0x2, 0xff, 0xd0, 0x0, 0x0, 0x0, 0xb,
    0xff, 0x40,

    /* U+0035 "5" */
    0xf, 0xff, 0xff, 0xff, 0xff, 0xf0, 0xf, 0xff,
    0xff, 0xff, 0xff, 0xf0, 0xf, 0xff, 0xff, 0xff,
    0xff, 0xf0, 0xf, 0xff, 0xff, 0xff, 0xff, 0xf0,
    0xf, 0xff, 0xff, 0xff, 0xff, 0xf0, 0xf, 0xff,
    0x55, 0x55, 0x55, 0x50, 0xf, 0xff, 0x0, 0x0,
    0x0, 0x0, 0xf, 0xff, 0x0, 0x0, 0x0, 0x0,
    0xf, 0xff, 0x0, 0x0, 0x0, 0x0, 0xf, 0xff,
    0x0, 0x0, 0x0, 0x0, 0xf, 0xff, 0x0, 0x0,
    0x0, 0x0, 0xf, 0xff, 0x0, 0x0, 0x0, 0x0,
    0xf, 0xff, 0xff, 0xfe, 0x40, 0x0, 0xf, 0xff,
    0xff, 0xff, 0xf8, 0x0, 0xf, 0xff, 0xff, 0xff,
    0xff, 0x40, 0xf, 0xff, 0xff, 0xff, 0xff, 0xd0,
    0xf, 0xff, 0xff, 0xff, 0xff, 0xf0, 0x1, 0x55,
    0x55, 0x5b, 0xff, 0xf4, 0x0, 0x0, 0x0, 0x0,
    0xff, 0xfc, 0x0, 0x0, 0x0, 0x0, 0x7f, 0xfc,
    0x0, 0x0, 0x0, 0x0, 0x3f, 0xfd, 0x0, 0x0,
    0x0, 0x0, 0x2f, 0xfd, 0x0, 0x0, 0x0, 0x0,
    0x2f, 0xfd, 0x0, 0x0, 0x0, 0x0, 0x2f, 0xfd,
    0x0, 0x0, 0x0, 0x0, 0x2f, 0xfd, 0x3f, 0xfc,
    0x0, 0x0, 0x2f, 0xfd, 0x3f, 0xfc, 0x0, 0x0,
    0x3f, 0xfd, 0x2f, 0xfe, 0x0, 0x0, 0x7f, 0xfc,
    0x1f, 0xff, 0x80, 0x0, 0xff, 0xfc, 0xf, 0xff,
    0xf5, 0x5b, 0xff, 0xf4, 0x7, 0xff, 0xff, 0xff,
    0xff, 0xf0, 0x2, 0xff, 0xff, 0xff, 0xff, 0xc0,
    0x0, 0xbf, 0xff, 0xff, 0xff, 0x0, 0x0, 0x1f,
    0xff, 0xff, 0xf8, 0x0, 0x0, 0x1, 0xbf, 0xfe,
    0x40, 0x0,

    /* U+0036 "6" */
    0x0, 0x0, 0x3, 0xff, 0xf0, 0x0, 0x0, 0x0,
    0x1, 0xff, 0xf4, 0x0, 0x0, 0x0, 0x0, 0xff,
    0xfc, 0x0, 0x0, 0x0, 0x0, 0xbf, 0xfc, 0x0,
    0x0, 0x0, 0x0, 0x3f, 0xfe, 0x0, 0x0, 0x0,
    0x0, 0x2f, 0xff, 0x0, 0x0, 0x0, 0x0, 0xf,
    0xff, 0x40, 0x0, 0x0, 0x0, 0xb, 0xff, 0xc0,
    0x0, 0x0, 0x0, 0x7, 0xff, 0xc0, 0x0, 0x0,
    0x0, 0x3, 0xff, 0xe0, 0x0, 0x0, 0x0, 0x1,
    0xff, 0xf0, 0x0, 0x0, 0x0, 0x0, 0xff, 0xf4,
    0x0, 0x0, 0x0, 0x0, 0xbf, 0xfc, 0x0, 0x0,
    0x0, 0x0, 0x3f, 0xfc, 0x6f, 0xf9, 0x0, 0x0,
    0x2f, 0xfe, 0xff, 0xff, 0xf0, 0x0, 0xf, 0xff,
    0xff, 0xff, 0xff, 0x0, 0xb, 0xff, 0xff, 0xff,
    0xff, 0xf0, 0x3, 0xff, 0xff, 0xab, 0xff, 0xfe,
    0x1, 0xff, 0xfc, 0x0, 0x1f, 0xff, 0xd0, 0xbf,
    0xfc, 0x0, 0x0, 0xff, 0xf8, 0x3f, 0xfc, 0x0,
    0x0, 0x1f, 0xff, 0xf, 0xff, 0x0, 0x0, 0x3,
    0xff, 0xc7, 0xff, 0x80, 0x0, 0x0, 0xff, 0xf1,
    0xff, 0xd0, 0x0, 0x0, 0x2f, 0xfc, 0x7f, 0xf8,
    0x0, 0x0, 0xb, 0xff, 0x1f, 0xfe, 0x0, 0x0,
    0x3, 0xff, 0xc3, 0xff, 0xc0, 0x0, 0x0, 0xff,
    0xf0, 0xff, 0xf8, 0x0, 0x0, 0xbf, 0xf8, 0x2f,
    0xff, 0x40, 0x0, 0xbf, 0xfd, 0x3, 0xff, 0xfd,
    0x1, 0xff, 0xff, 0x0, 0x7f, 0xff, 0xff, 0xff,
    0xff, 0x0, 0xb, 0xff, 0xff, 0xff, 0xff, 0x40,
    0x0, 0x7f, 0xff, 0xff, 0xff, 0x40, 0x0, 0x3,
    0xff, 0xff, 0xfe, 0x0, 0x0, 0x0, 0x6, 0xff,
    0xe4, 0x0, 0x0,

    /* U+0037 "7" */
    0xff, 0xff, 0xff, 0xff, 0xff, 0xff, 0xff, 0xff,
    0xff, 0xff, 0xff, 0xff, 0xff, 0xff, 0xff, 0xff,
    0xff, 0xff, 0xff, 0xff, 0xff, 0xff, 0xff, 0xff,
    0xff, 0xff, 0xff, 0xff, 0xff, 0xff, 0xff, 0xf5,
    0x55, 0x55, 0x7f, 0xff, 0xff, 0xf0, 0x0, 0x0,
    0x3f, 0xfd, 0xff, 0xf0, 0x0, 0x0, 0xbf, 0xfc,
    0xff, 0xf0, 0x0, 0x0, 0xff, 0xf8, 0xff, 0xf0,
    0x0, 0x1, 0xff, 0xf0, 0xff, 0xf0, 0x0, 0x3,
    0xff, 0xe0, 0x0, 0x0, 0x0, 0x7, 0xff, 0xc0,
    0x0, 0x0, 0x0, 0xb, 0xff, 0xc0, 0x0, 0x0,
    0x0, 0xf, 0xff, 0x40, 0x0, 0x0, 0x0, 0x2f,
    0xff, 0x0, 0x0, 0x0, 0x0, 0x3f, 0xfe, 0x0,
    0x0, 0x0, 0x0, 0x7f, 0xfc, 0x0, 0x0, 0x0,
    0x0, 0xff, 0xf8, 0x0, 0x0, 0x0, 0x1, 0xff,
    0xf0, 0x0, 0x0, 0x0, 0x2, 0xff, 0xf0, 0x0,
    0x0, 0x0, 0x3, 0xff, 0xd0, 0x0, 0x0, 0x0,
    0xb, 0xff, 0xc0, 0x0, 0x0, 0x0, 0xf, 0xff,
    0x80, 0x0, 0x0, 0x0, 0x1f, 0xff, 0x0, 0x0,
    0x0, 0x0, 0x3f, 0xfe, 0x0, 0x0, 0x0, 0x0,
    0x7f, 0xfc, 0x0, 0x0, 0x0, 0x0, 0xff, 0xfc,
    0x0, 0x0, 0x0, 0x0, 0xff, 0xf4, 0x0, 0x0,
    0x0, 0x2, 0xff, 0xf0, 0x0, 0x0, 0x0, 0x3,
    0xff, 0xe0, 0x0, 0x0, 0x0, 0x7, 0xff, 0xc0,
    0x0, 0x0, 0x0, 0xf, 0xff, 0x80, 0x0, 0x0,
    0x0, 0x1f, 0xff, 0x0, 0x0, 0x0, 0x0, 0x3f,
    0xff, 0x0, 0x0, 0x0, 0x0, 0x3f, 0xfd, 0x0,
    0x0, 0x0,

    /* U+0038 "8" */
    0x0, 0x0, 0x6f, 0xfe, 0x40, 0x0, 0x0, 0x2,
    0xff, 0xff, 0xfe, 0x0, 0x0, 0x7, 0xff, 0xff,
    0xff, 0xf4, 0x0, 0x7, 0xff, 0xff, 0xff, 0xff,
    0x40, 0x3, 0xff, 0xff, 0xff, 0xff, 0xf0, 0x2,
    0xff, 0xf9, 0x1, 0xff, 0xfe, 0x0, 0xff, 0xf8,
    0x0, 0xb, 0xff, 0xc0, 0x7f, 0xfc, 0x0, 0x0,
    0xff, 0xf0, 0x1f, 0xfd, 0x0, 0x0, 0x2f, 0xfd,
    0x7, 0xff, 0x40, 0x0, 0xb, 0xff, 0x41, 0xff,
    0xd0, 0x0, 0x2, 0xff, 0xc0, 0x3f, 0xfc, 0x0,
    0x0, 0xff, 0xf0, 0xb, 0xff, 0x80, 0x0, 0xbf,
    0xf4, 0x0, 0xff, 0xf9, 0x1, 0xff, 0xf8, 0x0,
    0xf, 0xff, 0xff, 0xff, 0xf8, 0x0, 0x0, 0x7f,
    0xff, 0xff, 0xf4, 0x0, 0x0, 0x1b, 0xff, 0xff,
    0xf8, 0x0, 0x0, 0x2f, 0xff, 0xff, 0xff, 0xe0,
    0x0, 0x3f, 0xff, 0xff, 0xff, 0xff, 0x0, 0x3f,
    0xff, 0x40, 0xb, 0xff, 0xe0, 0x1f, 0xff, 0x0,
    0x0, 0x7f, 0xfc, 0xf, 0xff, 0x0, 0x0, 0x7,
    0xff, 0x83, 0xff, 0x80, 0x0, 0x0, 0xff, 0xf1,
    0xff, 0xd0, 0x0, 0x0, 0x2f, 0xfc, 0x7f, 0xf4,
    0x0, 0x0, 0xb, 0xff, 0x1f, 0xfe, 0x0, 0x0,
    0x2, 0xff, 0xc7, 0xff, 0xc0, 0x0, 0x0, 0xff,
    0xf0, 0xff, 0xf4, 0x0, 0x0, 0xbf, 0xfc, 0x3f,
    0xff, 0x40, 0x0, 0x7f, 0xfe, 0x7, 0xff, 0xf9,
    0x1, 0xff, 0xff, 0x0, 0xbf, 0xff, 0xff, 0xff,
    0xff, 0x40, 0xf, 0xff, 0xff, 0xff, 0xff, 0x80,
    0x0, 0xbf, 0xff, 0xff, 0xff, 0x40, 0x0, 0x7,
    0xff, 0xff, 0xfe, 0x0, 0x0, 0x0, 0xa, 0xff,
    0xe4, 0x0, 0x0,

    /* U+0039 "9" */
    0x0, 0x0, 0xaf, 0xfe, 0x40, 0x0, 0x0, 0x3,
    0xff, 0xff, 0xfe, 0x0, 0x0, 0xb, 0xff, 0xff,
    0xff, 0xf4, 0x0, 0xb, 0xff, 0xff, 0xff, 0xff,
    0x40, 0x7, 0xff, 0xff, 0xff, 0xff, 0xf0, 0x3,
    0xff, 0xfd, 0x1, 0xff, 0xff, 0x2, 0xff, 0xf4,
    0x0, 0xb, 0xff, 0xd0, 0xff, 0xf4, 0x0, 0x0,
    0xbf, 0xf8, 0x3f, 0xfc, 0x0, 0x0, 0xf, 0xff,
    0x1f, 0xfe, 0x0, 0x0, 0x3, 0xff, 0xc7, 0xff,
    0x40, 0x0, 0x0, 0xbf, 0xf1, 0xff, 0xd0, 0x0,
    0x0, 0x2f, 0xfc, 0x7f, 0xf8, 0x0, 0x0, 0xf,
    0xff, 0xf, 0xff, 0x0, 0x0, 0x3, 0xff, 0xc3,
    0xff, 0xd0, 0x0, 0x2, 0xff, 0xf0, 0xbf, 0xfd,
    0x0, 0x1, 0xff, 0xf8, 0xf, 0xff, 0xe4, 0x6,
    0xff, 0xfc, 0x2, 0xff, 0xff, 0xff, 0xff, 0xff,
    0x0, 0x2f, 0xff, 0xff, 0xff, 0xff, 0x40, 0x2,
    0xff, 0xff, 0xff, 0xff, 0xc0, 0x0, 0x1f, 0xff,
    0xff, 0xff, 0xd0, 0x0, 0x0, 0x6b, 0xe7, 0xff,
    0xf0, 0x0, 0x0, 0x0, 0x1, 0xff, 0xf4, 0x0,
    0x0, 0x0, 0x0, 0xff, 0xfc, 0x0, 0x0, 0x0,
    0x0, 0xbf, 0xfc, 0x0, 0x0, 0x0, 0x0, 0x3f,
    0xfe, 0x0, 0x0, 0x0, 0x0, 0x2f, 0xff, 0x0,
    0x0, 0x0, 0x0, 0x1f, 0xff, 0x80, 0x0, 0x0,
    0x0, 0xf, 0xff, 0xc0, 0x0, 0x0, 0x0, 0x7,
    0xff, 0xd0, 0x0, 0x0, 0x0, 0x3, 0xff, 0xf0,
    0x0, 0x0, 0x0, 0x2, 0xff, 0xf4, 0x0, 0x0,
    0x0, 0x0, 0xff, 0xfc, 0x0, 0x0, 0x0, 0x0,
    0xbf, 0xfc, 0x0, 0x0, 0x0, 0x0, 0x7f, 0xfe,
    0x0, 0x0, 0x0,

    /* U+003A ":" */
    0x2, 0xfe, 0x0, 0xff, 0xfc, 0x3f, 0xff, 0xe3,
    0xff, 0xff, 0x3f, 0xff, 0xf3, 0xff, 0xfe, 0xf,
    0xff, 0xc0, 0x2f, 0xe0, 0x0, 0x0, 0x0, 0x0,
    0x0, 0x0, 0x0, 0x0, 0x0, 0x0, 0x0, 0x0,
    0x0, 0x0, 0x0, 0x0, 0x0, 0x0, 0x0, 0x0,
    0x0, 0x0, 0x0, 0x0, 0x0, 0x0, 0x0, 0x0,
    0x2f, 0xe0, 0x1f, 0xff, 0xc3, 0xff, 0xfe, 0x3f,
    0xff, 0xf3, 0xff, 0xff, 0x3f, 0xff, 0xe0, 0xff,
    0xfc, 0x2, 0xfe, 0x0,

    /* U+003B ";" */
    0x0, 0xbf, 0x80, 0x1f, 0xff, 0xc0, 0xff, 0xff,
    0x83, 0xff, 0xff, 0xf, 0xff, 0xfc, 0x3f, 0xff,
    0xe0, 0x7f, 0xff, 0x0, 0x7f, 0xf0, 0x0, 0x0,
    0x0, 0x0, 0x0, 0x0, 0x0, 0x0, 0x0, 0x0,
    0x0, 0x0, 0x0, 0x0, 0x0, 0x0, 0x0, 0x0,
    0x0, 0x0, 0x0, 0x0, 0x0, 0x0, 0x0, 0x0,
    0x0, 0x0, 0x0, 0x0, 0x0, 0x0, 0x0, 0x2,
    0xff, 0xf0, 0xf, 0xff, 0xc0, 0x3f, 0xfe, 0x0,
    0xff, 0xf4, 0x7, 0xff, 0xc0, 0x2f, 0xff, 0x0,
    0xbf, 0xf8, 0x3, 0xff, 0xd0, 0xf, 0xff, 0x0,
    0x3f, 0xfc, 0x1, 0xff, 0xe0, 0xb, 0xff, 0x40,
    0x2f, 0xfc, 0x0, 0xff, 0xf0, 0x3, 0xff, 0x80,
    0x0,

    /* U+003C "<" */
    0x0, 0x0, 0x0, 0x0, 0x0, 0x0, 0x0, 0x0,
    0x0, 0x0, 0x1, 0xc0, 0x0, 0x0, 0x0, 0x0,
    0x7f, 0x0, 0x0, 0x0, 0x0, 0x1f, 0xfc, 0x0,
    0x0, 0x0, 0x7, 0xff, 0xf0, 0x0, 0x0, 0x2,
    0xff, 0xff, 0xc0, 0x0, 0x0, 0xbf, 0xff, 0xff,
    0x0, 0x0, 0x2f, 0xff, 0xff, 0x80, 0x0, 0xb,
    0xff, 0xff, 0xe0, 0x0, 0x6, 0xff, 0xff, 0xf8,
    0x0, 0x1, 0xff, 0xff, 0xfd, 0x0, 0x0, 0x1f,
    0xff, 0xff, 0x40, 0x0, 0x0, 0x7f, 0xff, 0xd0,
    0x0, 0x0, 0x1, 0xff, 0xe0, 0x0, 0x0, 0x0,
    0x7, 0xff, 0x40, 0x0, 0x0, 0x0, 0x1f, 0xff,
    0xe0, 0x0, 0x0, 0x0, 0x7f, 0xff, 0xf9, 0x0,
    0x0, 0x0, 0xbf, 0xff, 0xff, 0x40, 0x0, 0x0,
    0x1f, 0xff, 0xff, 0xd0, 0x0, 0x0, 0x7, 0xff,
    0xff, 0xf8, 0x0, 0x0, 0x1, 0xff, 0xff, 0xfe,
    0x0, 0x0, 0x0, 0x7f, 0xff, 0xff, 0x80, 0x0,
    0x0, 0x1b, 0xff, 0xff, 0x0, 0x0, 0x0, 0x2,
    0xff, 0xfc, 0x0, 0x0, 0x0, 0x0, 0xbf, 0xf0,
    0x0, 0x0, 0x0, 0x0, 0x2f, 0xc0, 0x0, 0x0,
    0x0, 0x0, 0xb, 0x0, 0x0, 0x0, 0x0, 0x0,
    0x0,

    /* U+003D "=" */
    0x2a, 0xaa, 0xaa, 0xaa, 0xaa, 0x93, 0xff, 0xff,
    0xff, 0xff, 0xff, 0x3f, 0xff, 0xff, 0xff, 0xff,
    0xf3, 0xff, 0xff, 0xff, 0xff, 0xff, 0x3f, 0xff,
    0xff, 0xff, 0xff, 0xf3, 0xff, 0xff, 0xff, 0xff,
    0xff, 0x0, 0x0, 0x0, 0x0, 0x0, 0x0, 0x0,
    0x0, 0x0, 0x0, 0x0, 0x0, 0x0, 0x0, 0x0,
    0x0, 0x0, 0x0, 0x0, 0x0, 0x0, 0x0, 0x0,
    0x0, 0x0, 0x0, 0x0, 0x0, 0x0, 0x0, 0x0,
    0x0, 0x0, 0x2a, 0xaa, 0xaa, 0xaa, 0xaa, 0x93,
    0xff, 0xff, 0xff, 0xff, 0xff, 0x3f, 0xff, 0xff,
    0xff, 0xff, 0xf3, 0xff, 0xff, 0xff, 0xff, 0xff,
    0x3f, 0xff, 0xff, 0xff, 0xff, 0xf3, 0xff, 0xff,
    0xff, 0xff, 0xff,

    /* U+003E ">" */
    0x0, 0x0, 0x0, 0x0, 0x0, 0x1, 0x80, 0x0,
    0x0, 0x0, 0x0, 0x7, 0xe4, 0x0, 0x0, 0x0,
    0x0, 0x1f, 0xfd, 0x0, 0x0, 0x0, 0x0, 0x7f,
    0xff, 0x40, 0x0, 0x0, 0x1, 0xff, 0xff, 0xd0,
    0x0, 0x0, 0x3, 0xff, 0xff, 0xf4, 0x0, 0x0,
    0x1, 0xff, 0xff, 0xfe, 0x0, 0x0, 0x0, 0x7f,
    0xff, 0xff, 0x80, 0x0, 0x0, 0x1f, 0xff, 0xff,
    0xe0, 0x0, 0x0, 0x2, 0xff, 0xff, 0xf8, 0x0,
    0x0, 0x0, 0xbf, 0xff, 0xfc, 0x0, 0x0, 0x0,
    0x2f, 0xff, 0xf0, 0x0, 0x0, 0x0, 0x7, 0xff,
    0xc0, 0x0, 0x0, 0x0, 0x7, 0xff, 0x0, 0x0,
    0x0, 0x2, 0xff, 0xfc, 0x0, 0x0, 0x1, 0xbf,
    0xff, 0xf0, 0x0, 0x0, 0x7f, 0xff, 0xff, 0x40,
    0x0, 0x1f, 0xff, 0xff, 0xd0, 0x0, 0xb, 0xff,
    0xff, 0xf4, 0x0, 0x2, 0xff, 0xff, 0xf9, 0x0,
    0x0, 0xbf, 0xff, 0xfe, 0x0, 0x0, 0x7, 0xff,
    0xff, 0x80, 0x0, 0x0, 0x1f, 0xff, 0xe0, 0x0,
    0x0, 0x0, 0x7f, 0xf8, 0x0, 0x0, 0x0, 0x1,
    0xfd, 0x0, 0x0, 0x0, 0x0, 0x7, 0x40, 0x0,
    0x0, 0x0, 0x0, 0x0, 0x0, 0x0, 0x0, 0x0,
    0x0,

    /* U+003F "?" */
    0x7f, 0xff, 0xf9, 0x0, 0x1, 0xff, 0xff, 0xff,
    0x80, 0x7, 0xff, 0xff, 0xff, 0xd0, 0x1f, 0xff,
    0xff, 0xff, 0xe0, 0x7f, 0xff, 0xff, 0xff, 0xd1,
    0xaa, 0xaa, 0xff, 0xff, 0xc0, 0x0, 0x0, 0x3f,
    0xff, 0x40, 0x0, 0x0, 0x3f, 0xfe, 0x0, 0x0,
    0x0, 0x7f, 0xfc, 0x0, 0x0, 0x0, 0xff, 0xf0,
    0x0, 0x0, 0x3, 0xff, 0xc0, 0x0, 0x0, 0xf,
    0xff, 0x0, 0x0, 0x0, 0xbf, 0xfc, 0x0, 0x0,
    0xb, 0xff, 0xe0, 0x5, 0x56, 0xff, 0xff, 0x0,
    0x3f, 0xff, 0xff, 0xf8, 0x0, 0xff, 0xff, 0xff,
    0xc0, 0x3, 0xff, 0xff, 0xfc, 0x0, 0xf, 0xff,
    0xff, 0x80, 0x0, 0x3f, 0xff, 0xe0, 0x0, 0x0,
    0xff, 0xd0, 0x0, 0x0, 0x3, 0xff, 0x40, 0x0,
    0x0, 0xf, 0xfd, 0x0, 0x0, 0x0, 0x3f, 0xf4,
    0x0, 0x0, 0x0, 0x0, 0x0, 0x0, 0x0, 0x0,
    0x0, 0x0, 0x0, 0x0, 0x0, 0x0, 0x0, 0x0,
    0x0, 0x0, 0x0, 0x0, 0x0, 0x0, 0x15, 0x0,
    0x0, 0x0, 0x7, 0xff, 0x80, 0x0, 0x0, 0x3f,
    0xff, 0x40, 0x0, 0x1, 0xff, 0xfe, 0x0, 0x0,
    0x3, 0xff, 0xf8, 0x0, 0x0, 0xf, 0xff, 0xc0,
    0x0, 0x0, 0xb, 0xfd, 0x0, 0x0, 0x0,

    /* U+0040 "@" */
    0x0, 0x0, 0x1b, 0xff, 0xe4, 0x0, 0x0, 0x0,
    0xb, 0xff, 0xff, 0xfe, 0x0, 0x0, 0x1, 0xff,
    0xff, 0xff, 0xff, 0x40, 0x0, 0x2f, 0xff, 0xff,
    0xff, 0xff, 0x40, 0x1, 0xff, 0xfe, 0x55, 0xbf,
    0xff, 0x40, 0xf, 0xff, 0x40, 0x0, 0x1f, 0xff,
    0x0, 0xff, 0xf0, 0x0, 0x0, 0xf, 0xfd, 0x7,
    0xff, 0x40, 0x0, 0x0, 0x1f, 0xfc, 0x2f, 0xf8,
    0x0, 0x0, 0x0, 0x3f, 0xf0, 0xff, 0xd0, 0x0,
    0x0, 0x0, 0xbf, 0xd3, 0xff, 0x0, 0x0, 0x0,
    0x2, 0xff, 0x5f, 0xfc, 0x0, 0x1, 0xa9, 0xb,
    0xfd, 0x7f, 0xe0, 0x0, 0x7f, 0xff, 0x2f, 0xf5,
    0xff, 0x80, 0x3, 0xff, 0xff, 0xbf, 0xd7, 0xfe,
    0x0, 0x3f, 0xff, 0xff, 0xff, 0x5f, 0xf8, 0x1,
    0xff, 0xd0, 0x7f, 0xfd, 0x7f, 0xe0, 0xb, 0xfe,
    0x0, 0x3f, 0xf5, 0xff, 0x80, 0x3f, 0xf0, 0x0,
    0xff, 0xd7, 0xfe, 0x0, 0xff, 0xc0, 0x2, 0xff,
    0x5f, 0xf8, 0x3, 0xff, 0x0, 0xb, 0xfd, 0x7f,
    0xe0, 0xf, 0xfc, 0x0, 0x2f, 0xf5, 0xff, 0x80,
    0x3f, 0xf0, 0x0, 0xbf, 0xd7, 0xfe, 0x0, 0xff,
    0xc0, 0x2, 0xff, 0x5f, 0xf8, 0x3, 0xff, 0x0,
    0xb, 0xfd, 0x7f, 0xe0, 0xf, 0xfc, 0x0, 0x2f,
    0xf5, 0xff, 0x80, 0x3f, 0xf0, 0x0, 0xbf, 0xd7,
    0xfe, 0x0, 0xbf, 0xc0, 0x3, 0xff, 0x5f, 0xf8,
    0x2, 0xff, 0x80, 0xf, 0xfc, 0x7f, 0xe0, 0x3,
    0xff, 0x41, 0xff, 0xe1, 0xff, 0x80, 0xb, 0xff,
    0xff, 0xff, 0x7, 0xfe, 0x0, 0xf, 0xff, 0xff,
    0xf4, 0x1f, 0xf8, 0x0, 0xb, 0xff, 0xff, 0x40,
    0x7f, 0xf0, 0x0, 0x6, 0xff, 0x90, 0x0, 0xff,
    0xc0, 0x0, 0x0, 0x0, 0x0, 0x3, 0xff, 0x40,
    0x0, 0x0, 0x0, 0x0, 0xb, 0xff, 0x0, 0x0,
    0x0, 0x0, 0x0, 0xf, 0xfe, 0x0, 0x0, 0x0,
    0x0, 0x0, 0x2f, 0xfe, 0x0, 0x0, 0x0, 0x0,
    0x0, 0x3f, 0xff, 0x40, 0x0, 0x0, 0x0, 0x0,
    0x7f, 0xff, 0xfa, 0xaa, 0x80, 0x0, 0x0, 0x7f,
    0xff, 0xff, 0xff, 0x0, 0x0, 0x0, 0x3f, 0xff,
    0xff, 0xfc, 0x0, 0x0, 0x0, 0x1f, 0xff, 0xff,
    0xf0, 0x0, 0x0, 0x0, 0x6, 0xbf, 0xff, 0xc0,
    0x0,

    /* U+0041 "A" */
    0x0, 0x0, 0x2f, 0xff, 0xd0, 0x0, 0x0, 0x0,
    0x0, 0xff, 0xff, 0x80, 0x0, 0x0, 0x0, 0x3,
    0xff, 0xff, 0x0, 0x0, 0x0, 0x0, 0x1f, 0xff,
    0xfc, 0x0, 0x0, 0x0, 0x0, 0xbf, 0xff, 0xf4,
    0x0, 0x0, 0x0, 0x3, 0xff, 0xff, 0xe0, 0x0,
    0x0, 0x0, 0xf, 0xfe, 0xff, 0xc0, 0x0, 0x0,
    0x0, 0x7f, 0xf3, 0xff, 0x0, 0x0, 0x0, 0x2,
    0xff, 0xcf, 0xfd, 0x0, 0x0, 0x0, 0xf, 0xfe,
    0x3f, 0xf8, 0x0, 0x0, 0x0, 0x3f, 0xf4, 0xbf,
    0xf0, 0x0, 0x0, 0x1, 0xff, 0xc1, 0xff, 0xc0,
    0x0, 0x0, 0xb, 0xff, 0x3, 0xff, 0x40, 0x0,
    0x0, 0x3f, 0xf8, 0xf, 0xfe, 0x0, 0x0, 0x0,
    0xff, 0xd0, 0x2f, 0xfc, 0x0, 0x0, 0x7, 0xff,
    0x40, 0x7f, 0xf0, 0x0, 0x0, 0x2f, 0xfc, 0x1,
    0xff, 0xd0, 0x0, 0x0, 0xff, 0xf0, 0x3, 0xff,
    0x80, 0x0, 0x3, 0xff, 0x80, 0xf, 0xff, 0x0,
    0x0, 0x1f, 0xfd, 0x0, 0x2f, 0xfc, 0x0, 0x0,
    0xbf, 0xf0, 0x0, 0x7f, 0xf4, 0x0, 0x3, 0xff,
    0xc0, 0x0, 0xff, 0xe0, 0x0, 0xf, 0xff, 0xff,
    0xff, 0xff, 0xc0, 0x0, 0x7f, 0xff, 0xff, 0xff,
    0xff, 0x0, 0x2, 0xff, 0xff, 0xff, 0xff, 0xfd,
    0x0, 0xf, 0xff, 0xff, 0xff, 0xff, 0xf8, 0x0,
    0x3f, 0xff, 0xff, 0xff, 0xff, 0xf0, 0x1, 0xff,
    0xe0, 0x0, 0x3, 0xff, 0xc0, 0xb, 0xff, 0x40,
    0x0, 0xb, 0xff, 0x40, 0x3f, 0xfc, 0x0, 0x0,
    0x1f, 0xfe, 0x0, 0xff, 0xf0, 0x0, 0x0, 0x3f,
    0xfc, 0x7, 0xff, 0x80, 0x0, 0x0, 0xff, 0xf0,
    0x2f, 0xfd, 0x0, 0x0, 0x2, 0xff, 0xd0, 0xff,
    0xf0, 0x0, 0x0, 0x7, 0xff, 0x83, 0xff, 0xc0,
    0x0, 0x0, 0xf, 0xff, 0x0,

    /* U+0042 "B" */
    0x7f, 0xff, 0xff, 0xf9, 0x0, 0x0, 0x7f, 0xff,
    0xff, 0xff, 0xf0, 0x0, 0x7f, 0xff, 0xff, 0xff,
    0xfe, 0x0, 0x7f, 0xff, 0xff, 0xff, 0xff, 0x80,
    0x7f, 0xff, 0xff, 0xff, 0xff, 0xd0, 0x7f, 0xf8,
    0x0, 0x1f, 0xff, 0xf0, 0x7f, 0xf8, 0x0, 0x2,
    0xff, 0xf0, 0x7f, 0xf8, 0x0, 0x0, 0xff, 0xf4,
    0x7f, 0xf8, 0x0, 0x0, 0xbf, 0xf4, 0x7f, 0xf8,
    0x0, 0x0, 0xbf, 0xf4, 0x7f, 0xf8, 0x0, 0x0,
    0xbf, 0xf4, 0x7f, 0xf8, 0x0, 0x0, 0xff, 0xf0,
    0x7f, 0xf8, 0x0, 0x2, 0xff, 0xe0, 0x7f, 0xf8,
    0x0, 0xb, 0xff, 0xc0, 0x7f, 0xff, 0xff, 0xff,
    0xff, 0x0, 0x7f, 0xff, 0xff, 0xff, 0xf8, 0x0,
    0x7f, 0xff, 0xff, 0xff, 0xe0, 0x0, 0x7f, 0xff,
    0xff, 0xff, 0xfe, 0x0, 0x7f, 0xff, 0xff, 0xff,
    0xff, 0xc0, 0x7f, 0xf8, 0x0, 0x1b, 0xff, 0xe0,
    0x7f, 0xf8, 0x0, 0x1, 0xff, 0xf4, 0x7f, 0xf8,
    0x0, 0x0, 0xbf, 0xf8, 0x7f, 0xf8, 0x0, 0x0,
    0x3f, 0xfc, 0x7f, 0xf8, 0x0, 0x0, 0x3f, 0xfc,
    0x7f, 0xf8, 0x0, 0x0, 0x2f, 0xfd, 0x7f, 0xf8,
    0x0, 0x0, 0x3f, 0xfd, 0x7f, 0xf8, 0x0, 0x0,
    0x3f, 0xfc, 0x7f, 0xf8, 0x0, 0x0, 0x7f, 0xfc,
    0x7f, 0xf8, 0x0, 0x1, 0xff, 0xf8, 0x7f, 0xf8,
    0x0, 0x1b, 0xff, 0xf4, 0x7f, 0xff, 0xff, 0xff,
    0xff, 0xe0, 0x7f, 0xff, 0xff, 0xff, 0xff, 0xc0,
    0x7f, 0xff, 0xff, 0xff, 0xff, 0x0, 0x7f, 0xff,
    0xff, 0xff, 0xf4, 0x0, 0x7f, 0xff, 0xff, 0xfe,
    0x40, 0x0,

    /* U+0043 "C" */
    0x0, 0x1, 0xbf, 0xfe, 0x0, 0x0, 0x0, 0xbf,
    0xff, 0xff, 0xc0, 0x0, 0xf, 0xff, 0xff, 0xff,
    0xe0, 0x0, 0xff, 0xff, 0xff, 0xff, 0xe0, 0xf,
    0xff, 0xff, 0xff, 0xff, 0xd0, 0x7f, 0xff, 0x95,
    0xbf, 0xff, 0xc3, 0xff, 0xf0, 0x0, 0x2f, 0xff,
    0x4f, 0xff, 0x40, 0x0, 0x3f, 0xfe, 0x3f, 0xfc,
    0x0, 0x0, 0x7f, 0xfd, 0xff, 0xe0, 0x0, 0x0,
    0xff, 0xf7, 0xff, 0x80, 0x0, 0x0, 0x0, 0x1f,
    0xfe, 0x0, 0x0, 0x0, 0x0, 0x7f, 0xf8, 0x0,
    0x0, 0x0, 0x1, 0xff, 0xe0, 0x0, 0x0, 0x0,
    0x7, 0xff, 0x80, 0x0, 0x0, 0x0, 0x1f, 0xfe,
    0x0, 0x0, 0x0, 0x0, 0x7f, 0xf8, 0x0, 0x0,
    0x0, 0x1, 0xff, 0xe0, 0x0, 0x0, 0x0, 0x7,
    0xff, 0x80, 0x0, 0x0, 0x0, 0x1f, 0xfe, 0x0,
    0x0, 0x0, 0x0, 0x7f, 0xf8, 0x0, 0x0, 0x0,
    0x1, 0xff, 0xe0, 0x0, 0x0, 0x0, 0x7, 0xff,
    0x80, 0x0, 0x0, 0x0, 0x1f, 0xfe, 0x0, 0x0,
    0x0, 0x0, 0x7f, 0xf8, 0x0, 0x0, 0x0, 0x1,
    0xff, 0xe0, 0x0, 0x0, 0xff, 0xf3, 0xff, 0xc0,
    0x0, 0x7, 0xff, 0xcf, 0xff, 0x40, 0x0, 0x3f,
    0xfe, 0x3f, 0xff, 0x0, 0x2, 0xff, 0xf4, 0x7f,
    0xff, 0x95, 0xbf, 0xff, 0xc0, 0xff, 0xff, 0xff,
    0xff, 0xfd, 0x0, 0xff, 0xff, 0xff, 0xff, 0xe0,
    0x0, 0xff, 0xff, 0xff, 0xfe, 0x0, 0x0, 0xbf,
    0xff, 0xff, 0xd0, 0x0, 0x0, 0x1b, 0xff, 0xe0,
    0x0, 0x0,

    /* U+0044 "D" */
    0x7f, 0xff, 0xff, 0xf9, 0x0, 0x1, 0xff, 0xff,
    0xff, 0xff, 0x40, 0x7, 0xff, 0xff, 0xff, 0xff,
    0xc0, 0x1f, 0xff, 0xff, 0xff, 0xff, 0xc0, 0x7f,
    0xff, 0xff, 0xff, 0xff, 0xc1, 0xff, 0xf5, 0x56,
    0xff, 0xff, 0x47, 0xff, 0x80, 0x0, 0x7f, 0xff,
    0x1f, 0xfe, 0x0, 0x0, 0x7f, 0xfc, 0x7f, 0xf8,
    0x0, 0x0, 0xff, 0xf5, 0xff, 0xe0, 0x0, 0x1,
    0xff, 0xe7, 0xff, 0x80, 0x0, 0x7, 0xff, 0x9f,
    0xfe, 0x0, 0x0, 0x1f, 0xfe, 0x7f, 0xf8, 0x0,
    0x0, 0x7f, 0xf9, 0xff, 0xe0, 0x0, 0x1, 0xff,
    0xe7, 0xff, 0x80, 0x0, 0x7, 0xff, 0x9f, 0xfe,
    0x0, 0x0, 0x1f, 0xfe, 0x7f, 0xf8, 0x0, 0x0,
    0x7f, 0xf9, 0xff, 0xe0, 0x0, 0x1, 0xff, 0xe7,
    0xff, 0x80, 0x0, 0x7, 0xff, 0x9f, 0xfe, 0x0,
    0x0, 0x1f, 0xfe, 0x7f, 0xf8, 0x0, 0x0, 0x7f,
    0xf9, 0xff, 0xe0, 0x0, 0x1, 0xff, 0xe7, 0xff,
    0x80, 0x0, 0x7, 0xff, 0x9f, 0xfe, 0x0, 0x0,
    0x1f, 0xfe, 0x7f, 0xf8, 0x0, 0x0, 0x7f, 0xf9,
    0xff, 0xe0, 0x0, 0x1, 0xff, 0xe7, 0xff, 0x80,
    0x0, 0xf, 0xff, 0x5f, 0xfe, 0x0, 0x0, 0x7f,
    0xfc, 0x7f, 0xf8, 0x0, 0x7, 0xff, 0xf1, 0xff,
    0xf5, 0x56, 0xff, 0xff, 0x47, 0xff, 0xff, 0xff,
    0xff, 0xfc, 0x1f, 0xff, 0xff, 0xff, 0xff, 0xc0,
    0x7f, 0xff, 0xff, 0xff, 0xfc, 0x1, 0xff, 0xff,
    0xff, 0xff, 0x40, 0x7, 0xff, 0xff, 0xff, 0x90,
    0x0, 0x0,

    /* U+0045 "E" */
    0xff, 0xff, 0xff, 0xff, 0xff, 0xdf, 0xff, 0xff,
    0xff, 0xff, 0xfd, 0xff, 0xff, 0xff, 0xff, 0xff,
    0xdf, 0xff, 0xff, 0xff, 0xff, 0xfd, 0xff, 0xff,
    0xff, 0xff, 0xff, 0xdf, 0xff, 0x55, 0x55, 0x55,
    0x54, 0xff, 0xf0, 0x0, 0x0, 0x0, 0xf, 0xff,
    0x0, 0x0, 0x0, 0x0, 0xff, 0xf0, 0x0, 0x0,
    0x0, 0xf, 0xff, 0x0, 0x0, 0x0, 0x0, 0xff,
    0xf0, 0x0, 0x0, 0x0, 0xf, 0xff, 0x0, 0x0,
    0x0, 0x0, 0xff, 0xf0, 0x0, 0x0, 0x0, 0xf,
    0xff, 0x0, 0x0, 0x0, 0x0, 0xff, 0xff, 0xff,
    0xff, 0xfe, 0xf, 0xff, 0xff, 0xff, 0xff, 0xe0,
    0xff, 0xff, 0xff, 0xff, 0xfe, 0xf, 0xff, 0xff,
    0xff, 0xff, 0xe0, 0xff, 0xff, 0xff, 0xff, 0xfe,
    0xf, 0xff, 0x0, 0x0, 0x0, 0x0, 0xff, 0xf0,
    0x0, 0x0, 0x0, 0xf, 0xff, 0x0, 0x0, 0x0,
    0x0, 0xff, 0xf0, 0x0, 0x0, 0x0, 0xf, 0xff,
    0x0, 0x0, 0x0, 0x0, 0xff, 0xf0, 0x0, 0x0,
    0x0, 0xf, 0xff, 0x0, 0x0, 0x0, 0x0, 0xff,
    0xf0, 0x0, 0x0, 0x0, 0xf, 0xff, 0x0, 0x0,
    0x0, 0x0, 0xff, 0xf0, 0x0, 0x0, 0x0, 0xf,
    0xff, 0x55, 0x55, 0x55, 0x54, 0xff, 0xff, 0xff,
    0xff, 0xff, 0xdf, 0xff, 0xff, 0xff, 0xff, 0xfd,
    0xff, 0xff, 0xff, 0xff, 0xff, 0xdf, 0xff, 0xff,
    0xff, 0xff, 0xfd, 0xff, 0xff, 0xff, 0xff, 0xff,
    0xd0,

    /* U+0046 "F" */
    0x3f, 0xff, 0xff, 0xff, 0xff, 0xf8, 0xff, 0xff,
    0xff, 0xff, 0xff, 0xe3, 0xff, 0xff, 0xff, 0xff,
    0xff, 0x8f, 0xff, 0xff, 0xff, 0xff, 0xfe, 0x3f,
    0xff, 0xff, 0xff, 0xff, 0xf8, 0xff, 0xfa, 0xaa,
    0xaa, 0xaa, 0x93, 0xff, 0xc0, 0x0, 0x0, 0x0,
    0xf, 0xff, 0x0, 0x0, 0x0, 0x0, 0x3f, 0xfc,
    0x0, 0x0, 0x0, 0x0, 0xff, 0xf0, 0x0, 0x0,
    0x0, 0x3, 0xff, 0xc0, 0x0, 0x0, 0x0, 0xf,
    0xff, 0x0, 0x0, 0x0, 0x0, 0x3f, 0xfc, 0x0,
    0x0, 0x0, 0x0, 0xff, 0xf0, 0x0, 0x0, 0x0,
    0x3, 0xff, 0xc0, 0x0, 0x0, 0x0, 0xf, 0xff,
    0xff, 0xff, 0xff, 0xf4, 0x3f, 0xff, 0xff, 0xff,
    0xff, 0xd0, 0xff, 0xff, 0xff, 0xff, 0xff, 0x43,
    0xff, 0xff, 0xff, 0xff, 0xfd, 0xf, 0xff, 0xff,
    0xff, 0xff, 0xf4, 0x3f, 0xfe, 0xaa, 0xaa, 0xaa,
    0x80, 0xff, 0xf0, 0x0, 0x0, 0x0, 0x3, 0xff,
    0xc0, 0x0, 0x0, 0x0, 0xf, 0xff, 0x0, 0x0,
    0x0, 0x0, 0x3f, 0xfc, 0x0, 0x0, 0x0, 0x0,
    0xff, 0xf0, 0x0, 0x0, 0x0, 0x3, 0xff, 0xc0,
    0x0, 0x0, 0x0, 0xf, 0xff, 0x0, 0x0, 0x0,
    0x0, 0x3f, 0xfc, 0x0, 0x0, 0x0, 0x0, 0xff,
    0xf0, 0x0, 0x0, 0x0, 0x3, 0xff, 0xc0, 0x0,
    0x0, 0x0, 0xf, 0xff, 0x0, 0x0, 0x0, 0x0,
    0x3f, 0xfc, 0x0, 0x0, 0x0, 0x0, 0xff, 0xf0,
    0x0, 0x0, 0x0, 0x3, 0xff, 0xc0, 0x0, 0x0,
    0x0, 0x0,

    /* U+0047 "G" */
    0x0, 0x1, 0xbf, 0xf9, 0x0, 0x0, 0x0, 0xbf,
    0xff, 0xff, 0x80, 0x0, 0x1f, 0xff, 0xff, 0xff,
    0xd0, 0x1, 0xff, 0xff, 0xff, 0xff, 0xd0, 0xf,
    0xff, 0xff, 0xff, 0xff, 0xc0, 0xbf, 0xff, 0x95,
    0xbf, 0xff, 0x83, 0xff, 0xf0, 0x0, 0x2f, 0xff,
    0x1f, 0xff, 0x0, 0x0, 0x3f, 0xfd, 0x7f, 0xf8,
    0x0, 0x0, 0xbf, 0xfa, 0xff, 0xd0, 0x0, 0x1,
    0xff, 0xeb, 0xff, 0x40, 0x0, 0x0, 0x0, 0x2f,
    0xfd, 0x0, 0x0, 0x0, 0x0, 0xbf, 0xf4, 0x0,
    0x0, 0x0, 0x2, 0xff, 0xd0, 0x0, 0x0, 0x0,
    0xb, 0xff, 0x40, 0x0, 0x0, 0x0, 0x2f, 0xfd,
    0x0, 0x0, 0x0, 0x0, 0xbf, 0xf4, 0x7, 0xff,
    0xff, 0xfa, 0xff, 0xd0, 0x1f, 0xff, 0xff, 0xeb,
    0xff, 0x40, 0x7f, 0xff, 0xff, 0xaf, 0xfd, 0x1,
    0xff, 0xff, 0xfe, 0xbf, 0xf4, 0x7, 0xff, 0xff,
    0xfa, 0xff, 0xd0, 0x0, 0x1, 0xff, 0xeb, 0xff,
    0x40, 0x0, 0x7, 0xff, 0xaf, 0xfd, 0x0, 0x0,
    0x1f, 0xfe, 0xbf, 0xf4, 0x0, 0x0, 0x7f, 0xfa,
    0xff, 0xe0, 0x0, 0x1, 0xff, 0xe7, 0xff, 0x80,
    0x0, 0xb, 0xff, 0x9f, 0xff, 0x0, 0x0, 0x3f,
    0xfd, 0x3f, 0xff, 0x0, 0x2, 0xff, 0xf0, 0xbf,
    0xff, 0x95, 0xbf, 0xff, 0x80, 0xff, 0xff, 0xff,
    0xff, 0xfc, 0x1, 0xff, 0xff, 0xff, 0xff, 0xd0,
    0x1, 0xff, 0xff, 0xff, 0xfd, 0x0, 0x0, 0xbf,
    0xff, 0xff, 0x80, 0x0, 0x0, 0x1b, 0xff, 0x90,
    0x0, 0x0,

    /* U+0048 "H" */
    0x7f, 0xf8, 0x0, 0x0, 0xff, 0xf1, 0xff, 0xe0,
    0x0, 0x3, 0xff, 0xc7, 0xff, 0x80, 0x0, 0xf,
    0xff, 0x1f, 0xfe, 0x0, 0x0, 0x3f, 0xfc, 0x7f,
    0xf8, 0x0, 0x0, 0xff, 0xf1, 0xff, 0xe0, 0x0,
    0x3, 0xff, 0xc7, 0xff, 0x80, 0x0, 0xf, 0xff,
    0x1f, 0xfe, 0x0, 0x0, 0x3f, 0xfc, 0x7f, 0xf8,
    0x0, 0x0, 0xff, 0xf1, 0xff, 0xe0, 0x0, 0x3,
    0xff, 0xc7, 0xff, 0x80, 0x0, 0xf, 0xff, 0x1f,
    0xfe, 0x0, 0x0, 0x3f, 0xfc, 0x7f, 0xf8, 0x0,
    0x0, 0xff, 0xf1, 0xff, 0xe0, 0x0, 0x3, 0xff,
    0xc7, 0xff, 0xff, 0xff, 0xff, 0xff, 0x1f, 0xff,
    0xff, 0xff, 0xff, 0xfc, 0x7f, 0xff, 0xff, 0xff,
    0xff, 0xf1, 0xff, 0xff, 0xff, 0xff, 0xff, 0xc7,
    0xff, 0xff, 0xff, 0xff, 0xff, 0x1f, 0xff, 0x55,
    0x55, 0x7f, 0xfc, 0x7f, 0xf8, 0x0, 0x0, 0xff,
    0xf1, 0xff, 0xe0, 0x0, 0x3, 0xff, 0xc7, 0xff,
    0x80, 0x0, 0xf, 0xff, 0x1f, 0xfe, 0x0, 0x0,
    0x3f, 0xfc, 0x7f, 0xf8, 0x0, 0x0, 0xff, 0xf1,
    0xff, 0xe0, 0x0, 0x3, 0xff, 0xc7, 0xff, 0x80,
    0x0, 0xf, 0xff, 0x1f, 0xfe, 0x0, 0x0, 0x3f,
    0xfc, 0x7f, 0xf8, 0x0, 0x0, 0xff, 0xf1, 0xff,
    0xe0, 0x0, 0x3, 0xff, 0xc7, 0xff, 0x80, 0x0,
    0xf, 0xff, 0x1f, 0xfe, 0x0, 0x0, 0x3f, 0xfc,
    0x7f, 0xf8, 0x0, 0x0, 0xff, 0xf1, 0xff, 0xe0,
    0x0, 0x3, 0xff, 0xc7, 0xff, 0x80, 0x0, 0xf,
    0xff, 0x0,

    /* U+0049 "I" */
    0xbf, 0xff, 0xff, 0xff, 0xff, 0x6f, 0xff, 0xff,
    0xff, 0xff, 0xdb, 0xff, 0xff, 0xff, 0xff, 0xf6,
    0xff, 0xff, 0xff, 0xff, 0xfd, 0xbf, 0xff, 0xff,
    0xff, 0xff, 0x55, 0x55, 0xff, 0xf9, 0x55, 0x40,
    0x0, 0x2f, 0xfd, 0x0, 0x0, 0x0, 0xb, 0xff,
    0x40, 0x0, 0x0, 0x2, 0xff, 0xd0, 0x0, 0x0,
    0x0, 0xbf, 0xf4, 0x0, 0x0, 0x0, 0x2f, 0xfd,
    0x0, 0x0, 0x0, 0xb, 0xff, 0x40, 0x0, 0x0,
    0x2, 0xff, 0xd0, 0x0, 0x0, 0x0, 0xbf, 0xf4,
    0x0, 0x0, 0x0, 0x2f, 0xfd, 0x0, 0x0, 0x0,
    0xb, 0xff, 0x40, 0x0, 0x0, 0x2, 0xff, 0xd0,
    0x0, 0x0, 0x0, 0xbf, 0xf4, 0x0, 0x0, 0x0,
    0x2f, 0xfd, 0x0, 0x0, 0x0, 0xb, 0xff, 0x40,
    0x0, 0x0, 0x2, 0xff, 0xd0, 0x0, 0x0, 0x0,
    0xbf, 0xf4, 0x0, 0x0, 0x0, 0x2f, 0xfd, 0x0,
    0x0, 0x0, 0xb, 0xff, 0x40, 0x0, 0x0, 0x2,
    0xff, 0xd0, 0x0, 0x0, 0x0, 0xbf, 0xf4, 0x0,
    0x0, 0x0, 0x2f, 0xfd, 0x0, 0x0, 0x0, 0xb,
    0xff, 0x40, 0x0, 0x0, 0x2, 0xff, 0xd0, 0x0,
    0x15, 0x55, 0xff, 0xf9, 0x55, 0x4b, 0xff, 0xff,
    0xff, 0xff, 0xf6, 0xff, 0xff, 0xff, 0xff, 0xfd,
    0xbf, 0xff, 0xff, 0xff, 0xff, 0x6f, 0xff, 0xff,
    0xff, 0xff, 0xdb, 0xff, 0xff, 0xff, 0xff, 0xf4,

    /* U+004A "J" */
    0x0, 0x0, 0x0, 0x0, 0x2f, 0xfd, 0x0, 0x0,
    0x0, 0x0, 0x2f, 0xfd, 0x0, 0x0, 0x0, 0x0,
    0x2f, 0xfd, 0x0, 0x0, 0x0, 0x0, 0x2f, 0xfd,
    0x0, 0x0, 0x0, 0x0, 0x2f, 0xfd, 0x0, 0x0,
    0x0, 0x0, 0x2f, 0xfd, 0x0, 0x0, 0x0, 0x0,
    0x2f, 0xfd, 0x0, 0x0, 0x0, 0x0, 0x2f, 0xfd,
    0x0, 0x0, 0x0, 0x0, 0x2f, 0xfd, 0x0, 0x0,
    0x0, 0x0, 0x2f, 0xfd, 0x0, 0x0, 0x0, 0x0,
    0x2f, 0xfd, 0x0, 0x0, 0x0, 0x0, 0x2f, 0xfd,
    0x0, 0x0, 0x0, 0x0, 0x2f, 0xfd, 0x0, 0x0,
    0x0, 0x0, 0x2f, 0xfd, 0x0, 0x0, 0x0, 0x0,
    0x2f, 0xfd, 0x0, 0x0, 0x0, 0x0, 0x2f, 0xfd,
    0x0, 0x0, 0x0, 0x0, 0x2f, 0xfd, 0x0, 0x0,
    0x0, 0x0, 0x2f, 0xfd, 0x0, 0x0, 0x0, 0x0,
    0x2f, 0xfd, 0x0, 0x0, 0x0, 0x0, 0x2f, 0xfd,
    0x0, 0x0, 0x0, 0x0, 0x2f, 0xfd, 0x0, 0x0,
    0x0, 0x0, 0x2f, 0xfd, 0x0, 0x0, 0x0, 0x0,
    0x2f, 0xfd, 0x0, 0x0, 0x0, 0x0, 0x2f, 0xfd,
    0x7f, 0xf4, 0x0, 0x0, 0x2f, 0xfd, 0x7f, 0xf8,
    0x0, 0x0, 0x2f, 0xfd, 0x7f, 0xfc, 0x0, 0x0,
    0x3f, 0xfd, 0x3f, 0xfd, 0x0, 0x0, 0x7f, 0xfc,
    0x3f, 0xff, 0x40, 0x1, 0xff, 0xfc, 0x1f, 0xff,
    0xe5, 0x5f, 0xff, 0xf4, 0xf, 0xff, 0xff, 0xff,
    0xff, 0xe0, 0x3, 0xff, 0xff, 0xff, 0xff, 0xc0,
    0x0, 0xff, 0xff, 0xff, 0xff, 0x0, 0x0, 0x1f,
    0xff, 0xff, 0xf4, 0x0, 0x0, 0x1, 0xbf, 0xfe,
    0x40, 0x0,

    /* U+004B "K" */
    0x7f, 0xf8, 0x0, 0x0, 0x3f, 0xfe, 0x1f, 0xfe,
    0x0, 0x0, 0x1f, 0xff, 0x7, 0xff, 0x80, 0x0,
    0xb, 0xff, 0x81, 0xff, 0xe0, 0x0, 0x3, 0xff,
    0xc0, 0x7f, 0xf8, 0x0, 0x2, 0xff, 0xf0, 0x1f,
    0xfe, 0x0, 0x0, 0xff, 0xf4, 0x7, 0xff, 0x80,
    0x0, 0xbf, 0xfc, 0x1, 0xff, 0xe0, 0x0, 0x3f,
    0xfd, 0x0, 0x7f, 0xf8, 0x0, 0x2f, 0xff, 0x0,
    0x1f, 0xfe, 0x0, 0xf, 0xff, 0x40, 0x7, 0xff,
    0x80, 0xb, 0xff, 0xc0, 0x1, 0xff, 0xe0, 0x3,
    0xff, 0xd0, 0x0, 0x7f, 0xf8, 0x2, 0xff, 0xf0,
    0x0, 0x1f, 0xfe, 0x0, 0xff, 0xf4, 0x0, 0x7,
    0xff, 0xff, 0xff, 0xfc, 0x0, 0x1, 0xff, 0xff,
    0xff, 0xfd, 0x0, 0x0, 0x7f, 0xff, 0xff, 0xff,
    0x0, 0x0, 0x1f, 0xff, 0xff, 0xff, 0xe0, 0x0,
    0x7, 0xff, 0xff, 0xff, 0xfc, 0x0, 0x1, 0xff,
    0xe5, 0x5f, 0xff, 0x40, 0x0, 0x7f, 0xf8, 0x2,
    0xff, 0xf0, 0x0, 0x1f, 0xfe, 0x0, 0x7f, 0xfd,
    0x0, 0x7, 0xff, 0x80, 0xf, 0xff, 0xc0, 0x1,
    0xff, 0xe0, 0x1, 0xff, 0xf0, 0x0, 0x7f, 0xf8,
    0x0, 0x3f, 0xfe, 0x0, 0x1f, 0xfe, 0x0, 0xb,
    0xff, 0xc0, 0x7, 0xff, 0x80, 0x0, 0xff, 0xf8,
    0x1, 0xff, 0xe0, 0x0, 0x2f, 0xff, 0x0, 0x7f,
    0xf8, 0x0, 0x3, 0xff, 0xd0, 0x1f, 0xfe, 0x0,
    0x0, 0xff, 0xfc, 0x7, 0xff, 0x80, 0x0, 0x1f,
    0xff, 0x41, 0xff, 0xe0, 0x0, 0x3, 0xff, 0xf0,
    0x7f, 0xf8, 0x0, 0x0, 0x7f, 0xfc, 0x1f, 0xfe,
    0x0, 0x0, 0xf, 0xff, 0x87, 0xff, 0x80, 0x0,
    0x2, 0xff, 0xf0,

    /* U+004C "L" */
    0x3f, 0xfc, 0x0, 0x0, 0x0, 0x3, 0xff, 0xc0,
    0x0, 0x0, 0x0, 0x3f, 0xfc, 0x0, 0x0, 0x0,
    0x3, 0xff, 0xc0, 0x0, 0x0, 0x0, 0x3f, 0xfc,
    0x0, 0x0, 0x0, 0x3, 0xff, 0xc0, 0x0, 0x0,
    0x0, 0x3f, 0xfc, 0x0, 0x0, 0x0, 0x3, 0xff,
    0xc0, 0x0, 0x0, 0x0, 0x3f, 0xfc, 0x0, 0x0,
    0x0, 0x3, 0xff, 0xc0, 0x0, 0x0, 0x0, 0x3f,
    0xfc, 0x0, 0x0, 0x0, 0x3, 0xff, 0xc0, 0x0,
    0x0, 0x0, 0x3f, 0xfc, 0x0, 0x0, 0x0, 0x3,
    0xff, 0xc0, 0x0, 0x0, 0x0, 0x3f, 0xfc, 0x0,
    0x0, 0x0, 0x3, 0xff, 0xc0, 0x0, 0x0, 0x0,
    0x3f, 0xfc, 0x0, 0x0, 0x0, 0x3, 0xff, 0xc0,
    0x0, 0x0, 0x0, 0x3f, 0xfc, 0x0, 0x0, 0x0,
    0x3, 0xff, 0xc0, 0x0, 0x0, 0x0, 0x3f, 0xfc,
    0x0, 0x0, 0x0, 0x3, 0xff, 0xc0, 0x0, 0x0,
    0x0, 0x3f, 0xfc, 0x0, 0x0, 0x0, 0x3, 0xff,
    0xc0, 0x0, 0x0, 0x0, 0x3f, 0xfc, 0x0, 0x0,
    0x0, 0x3, 0xff, 0xc0, 0x0, 0x0, 0x0, 0x3f,
    0xfc, 0x0, 0x0, 0x0, 0x3, 0xff, 0xc0, 0x0,
    0x0, 0x0, 0x3f, 0xfc, 0x0, 0x0, 0x0, 0x3,
    0xff, 0xd5, 0x55, 0x55, 0x55, 0x3f, 0xff, 0xff,
    0xff, 0xff, 0xe3, 0xff, 0xff, 0xff, 0xff, 0xfe,
    0x3f, 0xff, 0xff, 0xff, 0xff, 0xe3, 0xff, 0xff,
    0xff, 0xff, 0xfe, 0x3f, 0xff, 0xff, 0xff, 0xff,
    0xe0,

    /* U+004D "M" */
    0x7f, 0xff, 0x80, 0x0, 0xff, 0xff, 0x1f, 0xff,
    0xf0, 0x0, 0x3f, 0xff, 0xc7, 0xff, 0xfc, 0x0,
    0x1f, 0xff, 0xf1, 0xff, 0xff, 0x40, 0xb, 0xff,
    0xfc, 0x7f, 0xef, 0xe0, 0x3, 0xfe, 0xff, 0x1f,
    0xfb, 0xfc, 0x0, 0xff, 0xbf, 0xc7, 0xfd, 0xff,
    0x0, 0x7f, 0x6f, 0xf1, 0xff, 0xaf, 0xd0, 0x2f,
    0xcf, 0xfc, 0x7f, 0xe7, 0xf8, 0xf, 0xf3, 0xff,
    0x1f, 0xfc, 0xff, 0x3, 0xf8, 0xff, 0xc7, 0xff,
    0x3f, 0xc1, 0xfd, 0x3f, 0xf1, 0xff, 0xc7, 0xf4,
    0xbf, 0xf, 0xfc, 0x7f, 0xf0, 0xfe, 0x3f, 0xc3,
    0xff, 0x1f, 0xfc, 0x3f, 0xcf, 0xe0, 0xff, 0xc7,
    0xff, 0xb, 0xfb, 0xf0, 0x7f, 0xf1, 0xff, 0xc1,
    0xff, 0xfc, 0x1f, 0xfc, 0x7f, 0xf0, 0x3f, 0xfe,
    0x7, 0xff, 0x1f, 0xfc, 0xf, 0xff, 0x41, 0xff,
    0xc7, 0xff, 0x2, 0xff, 0xc0, 0x7f, 0xf1, 0xff,
    0xc0, 0x3f, 0xe0, 0x1f, 0xfc, 0x7f, 0xf0, 0x0,
    0x0, 0x7, 0xff, 0x1f, 0xfc, 0x0, 0x0, 0x1,
    0xff, 0xc7, 0xff, 0x0, 0x0, 0x0, 0x7f, 0xf1,
    0xff, 0xc0, 0x0, 0x0, 0x1f, 0xfc, 0x7f, 0xf0,
    0x0, 0x0, 0x7, 0xff, 0x1f, 0xfc, 0x0, 0x0,
    0x1, 0xff, 0xc7, 0xff, 0x0, 0x0, 0x0, 0x7f,
    0xf1, 0xff, 0xc0, 0x0, 0x0, 0x1f, 0xfc, 0x7f,
    0xf0, 0x0, 0x0, 0x7, 0xff, 0x1f, 0xfc, 0x0,
    0x0, 0x1, 0xff, 0xc7, 0xff, 0x0, 0x0, 0x0,
    0x7f, 0xf1, 0xff, 0xc0, 0x0, 0x0, 0x1f, 0xfc,
    0x7f, 0xf0, 0x0, 0x0, 0x7, 0xff, 0x1f, 0xfc,
    0x0, 0x0, 0x1, 0xff, 0xc7, 0xff, 0x0, 0x0,
    0x0, 0x7f, 0xf0,

    /* U+004E "N" */
    0xbf, 0xff, 0x0, 0x0, 0x3f, 0xf6, 0xff, 0xfd,
    0x0, 0x0, 0xff, 0xdb, 0xff, 0xf8, 0x0, 0x3,
    0xff, 0x6f, 0xff, 0xf0, 0x0, 0xf, 0xfd, 0xbf,
    0xff, 0xd0, 0x0, 0x3f, 0xf6, 0xff, 0xff, 0x80,
    0x0, 0xff, 0xdb, 0xff, 0xff, 0x0, 0x3, 0xff,
    0x6f, 0xff, 0xfd, 0x0, 0xf, 0xfd, 0xbf, 0xef,
    0xf8, 0x0, 0x3f, 0xf6, 0xff, 0xaf, 0xf0, 0x0,
    0xff, 0xdb, 0xfe, 0x7f, 0xd0, 0x3, 0xff, 0x6f,
    0xf8, 0xff, 0xc0, 0xf, 0xfd, 0xbf, 0xe2, 0xff,
    0x0, 0x3f, 0xf6, 0xff, 0xc7, 0xfd, 0x0, 0xff,
    0xdb, 0xff, 0xf, 0xfc, 0x3, 0xff, 0x6f, 0xfc,
    0x2f, 0xf0, 0xf, 0xfd, 0xbf, 0xf0, 0x7f, 0xd0,
    0x3f, 0xf6, 0xff, 0xc0, 0xff, 0xc0, 0xff, 0xdb,
    0xff, 0x2, 0xff, 0x3, 0xff, 0x6f, 0xfc, 0x7,
    0xfe, 0xf, 0xfd, 0xbf, 0xf0, 0xf, 0xfc, 0x3f,
    0xf6, 0xff, 0xc0, 0x2f, 0xf0, 0xff, 0xdb, 0xff,
    0x0, 0x7f, 0xe3, 0xff, 0x6f, 0xfc, 0x0, 0xff,
    0xcf, 0xfd, 0xbf, 0xf0, 0x2, 0xff, 0x3f, 0xf6,
    0xff, 0xc0, 0x3, 0xfe, 0xbf, 0xdb, 0xff, 0x0,
    0xf, 0xfe, 0xff, 0x6f, 0xfc, 0x0, 0x2f, 0xff,
    0xfd, 0xbf, 0xf0, 0x0, 0x3f, 0xff, 0xf6, 0xff,
    0xc0, 0x0, 0xff, 0xff, 0xdb, 0xff, 0x0, 0x2,
    0xff, 0xff, 0x6f, 0xfc, 0x0, 0x3, 0xff, 0xfd,
    0xbf, 0xf0, 0x0, 0xf, 0xff, 0xf6, 0xff, 0xc0,
    0x0, 0x2f, 0xff, 0xdb, 0xff, 0x0, 0x0, 0x3f,
    0xff, 0x40,

    /* U+004F "O" */
    0x0, 0x1, 0xbf, 0xf9, 0x0, 0x0, 0x0, 0xbf,
    0xff, 0xff, 0x80, 0x0, 0x1f, 0xff, 0xff, 0xff,
    0xc0, 0x0, 0xff, 0xff, 0xff, 0xff, 0xc0, 0xf,
    0xff, 0xff, 0xff, 0xff, 0x80, 0x7f, 0xff, 0x95,
    0xbf, 0xff, 0x43, 0xff, 0xf0, 0x0, 0x3f, 0xfe,
    0xf, 0xff, 0x0, 0x0, 0x7f, 0xfc, 0x7f, 0xf8,
    0x0, 0x0, 0xff, 0xf1, 0xff, 0xe0, 0x0, 0x2,
    0xff, 0xdb, 0xff, 0x40, 0x0, 0xb, 0xff, 0x6f,
    0xfd, 0x0, 0x0, 0x2f, 0xfd, 0xbf, 0xf4, 0x0,
    0x0, 0xbf, 0xf6, 0xff, 0xd0, 0x0, 0x2, 0xff,
    0xdb, 0xff, 0x40, 0x0, 0xb, 0xff, 0x6f, 0xfd,
    0x0, 0x0, 0x2f, 0xfd, 0xbf, 0xf4, 0x0, 0x0,
    0xbf, 0xf6, 0xff, 0xd0, 0x0, 0x2, 0xff, 0xdb,
    0xff, 0x40, 0x0, 0xb, 0xff, 0x6f, 0xfd, 0x0,
    0x0, 0x2f, 0xfd, 0xbf, 0xf4, 0x0, 0x0, 0xbf,
    0xf6, 0xff, 0xd0, 0x0, 0x2, 0xff, 0xdb, 0xff,
    0x40, 0x0, 0xb, 0xff, 0x6f, 0xfd, 0x0, 0x0,
    0x2f, 0xfd, 0xbf, 0xf4, 0x0, 0x0, 0xbf, 0xf5,
    0xff, 0xe0, 0x0, 0x2, 0xff, 0xd7, 0xff, 0x80,
    0x0, 0xf, 0xff, 0xf, 0xff, 0x0, 0x0, 0x7f,
    0xfc, 0x3f, 0xff, 0x0, 0x3, 0xff, 0xe0, 0x7f,
    0xff, 0x95, 0xbf, 0xff, 0x40, 0xff, 0xff, 0xff,
    0xff, 0xf8, 0x0, 0xff, 0xff, 0xff, 0xff, 0xc0,
    0x1, 0xff, 0xff, 0xff, 0xfc, 0x0, 0x0, 0xbf,
    0xff, 0xff, 0x80, 0x0, 0x0, 0x1b, 0xff, 0x90,
    0x0, 0x0,

    /* U+0050 "P" */
    0x7f, 0xff, 0xff, 0xfe, 0x40, 0x0, 0x7f, 0xff,
    0xff, 0xff, 0xf8, 0x0, 0x7f, 0xff, 0xff, 0xff,
    0xff, 0x40, 0x7f, 0xff, 0xff, 0xff, 0xff, 0xd0,
    0x7f, 0xff, 0xff, 0xff, 0xff, 0xf0, 0x7f, 0xfd,
    0x55, 0x5b, 0xff, 0xfc, 0x7f, 0xf8, 0x0, 0x0,
    0xff, 0xfc, 0x7f, 0xf8, 0x0, 0x0, 0x3f, 0xfe,
    0x7f, 0xf8, 0x0, 0x0, 0x2f, 0xff, 0x7f, 0xf8,
    0x0, 0x0, 0xf, 0xff, 0x7f, 0xf8, 0x0, 0x0,
    0xf, 0xff, 0x7f, 0xf8, 0x0, 0x0, 0xf, 0xff,
    0x7f, 0xf8, 0x0, 0x0, 0x1f, 0xff, 0x7f, 0xf8,
    0x0, 0x0, 0x3f, 0xfe, 0x7f, 0xf8, 0x0, 0x0,
    0xbf, 0xfd, 0x7f, 0xf8, 0x0, 0x7, 0xff, 0xfc,
    0x7f, 0xff, 0xff, 0xff, 0xff, 0xf4, 0x7f, 0xff,
    0xff, 0xff, 0xff, 0xe0, 0x7f, 0xff, 0xff, 0xff,
    0xff, 0x80, 0x7f, 0xff, 0xff, 0xff, 0xfd, 0x0,
    0x7f, 0xff, 0xff, 0xff, 0x90, 0x0, 0x7f, 0xfd,
    0x55, 0x50, 0x0, 0x0, 0x7f, 0xf8, 0x0, 0x0,
    0x0, 0x0, 0x7f, 0xf8, 0x0, 0x0, 0x0, 0x0,
    0x7f, 0xf8, 0x0, 0x0, 0x0, 0x0, 0x7f, 0xf8,
    0x0, 0x0, 0x0, 0x0, 0x7f, 0xf8, 0x0, 0x0,
    0x0, 0x0, 0x7f, 0xf8, 0x0, 0x0, 0x0, 0x0,
    0x7f, 0xf8, 0x0, 0x0, 0x0, 0x0, 0x7f, 0xf8,
    0x0, 0x0, 0x0, 0x0, 0x7f, 0xf8, 0x0, 0x0,
    0x0, 0x0, 0x7f, 0xf8, 0x0, 0x0, 0x0, 0x0,
    0x7f, 0xf8, 0x0, 0x0, 0x0, 0x0, 0x7f, 0xf8,
    0x0, 0x0, 0x0, 0x0, 0x7f, 0xf8, 0x0, 0x0,
    0x0, 0x0,

    /* U+0051 "Q" */
    0x0, 0x1, 0xbf, 0xf9, 0x0, 0x0, 0x0, 0x2f,
    0xff, 0xff, 0xe0, 0x0, 0x1, 0xff, 0xff, 0xff,
    0xfc, 0x0, 0x7, 0xff, 0xff, 0xff, 0xff, 0x0,
    0xf, 0xff, 0xff, 0xff, 0xff, 0xc0, 0x2f, 0xff,
    0xe5, 0x6f, 0xff, 0xd0, 0x3f, 0xfe, 0x0, 0x3,
    0xff, 0xf0, 0x7f, 0xfc, 0x0, 0x0, 0xff, 0xf0,
    0xbf, 0xf8, 0x0, 0x0, 0xbf, 0xf4, 0xbf, 0xf4,
    0x0, 0x0, 0xbf, 0xf4, 0xbf, 0xf4, 0x0, 0x0,
    0x7f, 0xf8, 0xbf, 0xf4, 0x0, 0x0, 0x7f, 0xf8,
    0xbf, 0xf4, 0x0, 0x0, 0x7f, 0xf8, 0xbf, 0xf4,
    0x0, 0x0, 0x7f, 0xf8, 0xbf, 0xf4, 0x0, 0x0,
    0x7f, 0xf8, 0xbf, 0xf4, 0x0, 0x0, 0x7f, 0xf8,
    0xbf, 0xf4, 0x0, 0x0, 0x7f, 0xf8, 0xbf, 0xf4,
    0x0, 0x0, 0x7f, 0xf8, 0xbf, 0xf4, 0x0, 0x0,
    0x7f, 0xf8, 0xbf, 0xf4, 0x0, 0x0, 0x7f, 0xf8,
    0xbf, 0xf4, 0x0, 0x0, 0x7f, 0xf8, 0xbf, 0xf4,
    0x0, 0x0, 0x7f, 0xf8, 0xbf, 0xf4, 0x0, 0x0,
    0x7f, 0xf8, 0xbf, 0xf4, 0x0, 0x0, 0x7f, 0xf8,
    0xbf, 0xf4, 0x0, 0x0, 0x7f, 0xf8, 0xbf, 0xf4,
    0x0, 0x0, 0xbf, 0xf4, 0xbf, 0xf8, 0x0, 0x0,
    0xbf, 0xf4, 0x7f, 0xfc, 0x0, 0x0, 0xff, 0xf0,
    0x3f, 0xfe, 0x0, 0x3, 0xff, 0xf0, 0x2f, 0xff,
    0xe5, 0x6f, 0xff, 0xd0, 0xf, 0xff, 0xff, 0xff,
    0xff, 0xc0, 0x7, 0xff, 0xff, 0xff, 0xff, 0x0,
    0x1, 0xff, 0xff, 0xff, 0xfc, 0x0, 0x0, 0x2f,
    0xff, 0xff, 0xe0, 0x0, 0x0, 0x1, 0xbf, 0xff,
    0xe0, 0x0, 0x0, 0x0, 0x0, 0xff, 0xf4, 0x0,
    0x0, 0x0, 0x0, 0x7f, 0xfc, 0x0, 0x0, 0x0,
    0x0, 0x3f, 0xfd, 0x0, 0x0, 0x0, 0x0, 0x1f,
    0xff, 0x0, 0x0, 0x0, 0x0, 0xf, 0xff, 0x80,
    0x0, 0x0, 0x0, 0x7, 0xff, 0xc0, 0x0, 0x0,
    0x0, 0x2, 0xff, 0xe0, 0x0, 0x0, 0x0, 0x0,
    0xff, 0xf4, 0x0, 0x0, 0x0, 0x0, 0xbf, 0xfc,

    /* U+0052 "R" */
    0x7f, 0xff, 0xff, 0xfe, 0x0, 0x0, 0x7f, 0xff,
    0xff, 0xff, 0xf4, 0x0, 0x7f, 0xff, 0xff, 0xff,
    0xfe, 0x0, 0x7f, 0xff, 0xff, 0xff, 0xff, 0x80,
    0x7f, 0xff, 0xff, 0xff, 0xff, 0xe0, 0x7f, 0xfd,
    0x55, 0x6f, 0xff, 0xf0, 0x7f, 0xf8, 0x0, 0x2,
    0xff, 0xf8, 0x7f, 0xf8, 0x0, 0x0, 0xbf, 0xfc,
    0x7f, 0xf8, 0x0, 0x0, 0x3f, 0xfc, 0x7f, 0xf8,
    0x0, 0x0, 0x3f, 0xfc, 0x7f, 0xf8, 0x0, 0x0,
    0x3f, 0xfc, 0x7f, 0xf8, 0x0, 0x0, 0x3f, 0xfc,
    0x7f, 0xf8, 0x0, 0x0, 0x3f, 0xfc, 0x7f, 0xf8,
    0x0, 0x0, 0xbf, 0xfc, 0x7f, 0xf8, 0x0, 0x2,
    0xff, 0xf4, 0x7f, 0xfd, 0x55, 0x6f, 0xff, 0xf0,
    0x7f, 0xff, 0xff, 0xff, 0xff, 0xd0, 0x7f, 0xff,
    0xff, 0xff, 0xff, 0x80, 0x7f, 0xff, 0xff, 0xff,
    0xfe, 0x0, 0x7f, 0xff, 0xff, 0xff, 0xf4, 0x0,
    0x7f, 0xff, 0xff, 0xff, 0xc0, 0x0, 0x7f, 0xf8,
    0x3, 0xff, 0xe0, 0x0, 0x7f, 0xf8, 0x1, 0xff,
    0xf0, 0x0, 0x7f, 0xf8, 0x0, 0xff, 0xf4, 0x0,
    0x7f, 0xf8, 0x0, 0x7f, 0xfc, 0x0, 0x7f, 0xf8,
    0x0, 0x3f, 0xfd, 0x0, 0x7f, 0xf8, 0x0, 0x2f,
    0xff, 0x0, 0x7f, 0xf8, 0x0, 0xf, 0xff, 0x40,
    0x7f, 0xf8, 0x0, 0xb, 0xff, 0x80, 0x7f, 0xf8,
    0x0, 0x7, 0xff, 0xc0, 0x7f, 0xf8, 0x0, 0x3,
    0xff, 0xe0, 0x7f, 0xf8, 0x0, 0x1, 0xff, 0xf0,
    0x7f, 0xf8, 0x0, 0x0, 0xff, 0xf8, 0x7f, 0xf8,
    0x0, 0x0, 0xbf, 0xfc, 0x7f, 0xf8, 0x0, 0x0,
    0x3f, 0xfe,

    /* U+0053 "S" */
    0x0, 0x0, 0xaf, 0xfe, 0x40, 0x0, 0x0, 0x3,
    0xff, 0xff, 0xfe, 0x0, 0x0, 0x7, 0xff, 0xff,
    0xff, 0xf0, 0x0, 0x7, 0xff, 0xff, 0xff, 0xff,
    0x0, 0x3, 0xff, 0xff, 0xff, 0xff, 0xf0, 0x2,
    0xff, 0xfd, 0x46, 0xff, 0xfd, 0x0, 0xff, 0xf8,
    0x0, 0xf, 0xff, 0x80, 0x7f, 0xfc, 0x0, 0x0,
    0xff, 0xf0, 0x1f, 0xfd, 0x0, 0x0, 0x3f, 0xfc,
    0xb, 0xff, 0x40, 0x0, 0x6, 0xaa, 0x1, 0xff,
    0xd0, 0x0, 0x0, 0x0, 0x0, 0x7f, 0xfc, 0x0,
    0x0, 0x0, 0x0, 0xf, 0xff, 0x80, 0x0, 0x0,
    0x0, 0x2, 0xff, 0xfe, 0x40, 0x0, 0x0, 0x0,
    0x3f, 0xff, 0xff, 0x90, 0x0, 0x0, 0x7, 0xff,
    0xff, 0xff, 0x80, 0x0, 0x0, 0x7f, 0xff, 0xff,
    0xfe, 0x0, 0x0, 0x3, 0xff, 0xff, 0xff, 0xf0,
    0x0, 0x0, 0x1b, 0xff, 0xff, 0xff, 0x0, 0x0,
    0x0, 0x6, 0xff, 0xff, 0xe0, 0x0, 0x0, 0x0,
    0x6, 0xff, 0xfc, 0x0, 0x0, 0x0, 0x0, 0x1f,
    0xff, 0x40, 0x0, 0x0, 0x0, 0x2, 0xff, 0xf0,
    0x0, 0x0, 0x0, 0x0, 0x3f, 0xfc, 0x0, 0x0,
    0x0, 0x0, 0xf, 0xff, 0xf, 0xfe, 0x0, 0x0,
    0x3, 0xff, 0xc3, 0xff, 0xc0, 0x0, 0x0, 0xff,
    0xf0, 0xff, 0xf4, 0x0, 0x0, 0xbf, 0xfc, 0x2f,
    0xff, 0x40, 0x0, 0xbf, 0xfd, 0x3, 0xff, 0xfe,
    0x56, 0xff, 0xff, 0x0, 0xbf, 0xff, 0xff, 0xff,
    0xff, 0x40, 0xf, 0xff, 0xff, 0xff, 0xff, 0x80,
    0x0, 0xbf, 0xff, 0xff, 0xff, 0x80, 0x0, 0x7,
    0xff, 0xff, 0xff, 0x40, 0x0, 0x0, 0xa, 0xff,
    0xe8, 0x0, 0x0,

    /* U+0054 "T" */
    0xff, 0xff, 0xff, 0xff, 0xff, 0xff, 0xbf, 0xff,
    0xff, 0xff, 0xff, 0xff, 0xef, 0xff, 0xff, 0xff,
    0xff, 0xff, 0xfb, 0xff, 0xff, 0xff, 0xff, 0xff,
    0xfe, 0xff, 0xff, 0xff, 0xff, 0xff, 0xff, 0x95,
    0x55, 0x5f, 0xff, 0x95, 0x55, 0x50, 0x0, 0x2,
    0xff, 0xd0, 0x0, 0x0, 0x0, 0x0, 0xbf, 0xf4,
    0x0, 0x0, 0x0, 0x0, 0x2f, 0xfd, 0x0, 0x0,
    0x0, 0x0, 0xb, 0xff, 0x40, 0x0, 0x0, 0x0,
    0x2, 0xff, 0xd0, 0x0, 0x0, 0x0, 0x0, 0xbf,
    0xf4, 0x0, 0x0, 0x0, 0x0, 0x2f, 0xfd, 0x0,
    0x0, 0x0, 0x0, 0xb, 0xff, 0x40, 0x0, 0x0,
    0x0, 0x2, 0xff, 0xd0, 0x0, 0x0, 0x0, 0x0,
    0xbf, 0xf4, 0x0, 0x0, 0x0, 0x0, 0x2f, 0xfd,
    0x0, 0x0, 0x0, 0x0, 0xb, 0xff, 0x40, 0x0,
    0x0, 0x0, 0x2, 0xff, 0xd0, 0x0, 0x0, 0x0,
    0x0, 0xbf, 0xf4, 0x0, 0x0, 0x0, 0x0, 0x2f,
    0xfd, 0x0, 0x0, 0x0, 0x0, 0xb, 0xff, 0x40,
    0x0, 0x0, 0x0, 0x2, 0xff, 0xd0, 0x0, 0x0,
    0x0, 0x0, 0xbf, 0xf4, 0x0, 0x0, 0x0, 0x0,
    0x2f, 0xfd, 0x0, 0x0, 0x0, 0x0, 0xb, 0xff,
    0x40, 0x0, 0x0, 0x0, 0x2, 0xff, 0xd0, 0x0,
    0x0, 0x0, 0x0, 0xbf, 0xf4, 0x0, 0x0, 0x0,
    0x0, 0x2f, 0xfd, 0x0, 0x0, 0x0, 0x0, 0xb,
    0xff, 0x40, 0x0, 0x0, 0x0, 0x2, 0xff, 0xd0,
    0x0, 0x0, 0x0, 0x0, 0xbf, 0xf4, 0x0, 0x0,
    0x0, 0x0, 0x2f, 0xfd, 0x0, 0x0, 0x0, 0x0,
    0xb, 0xff, 0x40, 0x0, 0x0, 0x0, 0x2, 0xff,
    0xd0, 0x0, 0x0,

    /* U+0055 "U" */
    0xbf, 0xf8, 0x0, 0x0, 0xbf, 0xf6, 0xff, 0xe0,
    0x0, 0x2, 0xff, 0xdb, 0xff, 0x80, 0x0, 0xb,
    0xff, 0x6f, 0xfe, 0x0, 0x0, 0x2f, 0xfd, 0xbf,
    0xf8, 0x0, 0x0, 0xbf, 0xf6, 0xff, 0xe0, 0x0,
    0x2, 0xff, 0xdb, 0xff, 0x80, 0x0, 0xb, 0xff,
    0x6f, 0xfe, 0x0, 0x0, 0x2f, 0xfd, 0xbf, 0xf8,
    0x0, 0x0, 0xbf, 0xf6, 0xff, 0xe0, 0x0, 0x2,
    0xff, 0xdb, 0xff, 0x80, 0x0, 0xb, 0xff, 0x6f,
    0xfe, 0x0, 0x0, 0x2f, 0xfd, 0xbf, 0xf8, 0x0,
    0x0, 0xbf, 0xf6, 0xff, 0xe0, 0x0, 0x2, 0xff,
    0xdb, 0xff, 0x80, 0x0, 0xb, 0xff, 0x6f, 0xfe,
    0x0, 0x0, 0x2f, 0xfd, 0xbf, 0xf8, 0x0, 0x0,
    0xbf, 0xf6, 0xff, 0xe0, 0x0, 0x2, 0xff, 0xdb,
    0xff, 0x80, 0x0, 0xb, 0xff, 0x6f, 0xfe, 0x0,
    0x0, 0x2f, 0xfd, 0xbf, 0xf8, 0x0, 0x0, 0xbf,
    0xf6, 0xff, 0xe0, 0x0, 0x2, 0xff, 0xdb, 0xff,
    0x80, 0x0, 0xb, 0xff, 0x6f, 0xfe, 0x0, 0x0,
    0x2f, 0xfd, 0xbf, 0xf8, 0x0, 0x0, 0xbf, 0xf5,
    0xff, 0xe0, 0x0, 0x3, 0xff, 0xd7, 0xff, 0xc0,
    0x0, 0xf, 0xff, 0xf, 0xff, 0x0, 0x0, 0x7f,
    0xfc, 0x3f, 0xff, 0x0, 0x3, 0xff, 0xe0, 0xbf,
    0xff, 0x95, 0xbf, 0xff, 0x40, 0xff, 0xff, 0xff,
    0xff, 0xfc, 0x1, 0xff, 0xff, 0xff, 0xff, 0xc0,
    0x1, 0xff, 0xff, 0xff, 0xfc, 0x0, 0x0, 0xbf,
    0xff, 0xff, 0x80, 0x0, 0x0, 0x1b, 0xff, 0x90,
    0x0, 0x0,

    /* U+0056 "V" */
    0x3f, 0xfc, 0x0, 0x0, 0x0, 0xff, 0xf0, 0xff,
    0xf0, 0x0, 0x0, 0x7, 0xff, 0x82, 0xff, 0xd0,
    0x0, 0x0, 0x2f, 0xfd, 0x7, 0xff, 0x80, 0x0,
    0x0, 0xff, 0xf0, 0xf, 0xff, 0x0, 0x0, 0x3,
    0xff, 0xc0, 0x3f, 0xfc, 0x0, 0x0, 0xf, 0xfe,
    0x0, 0xbf, 0xf4, 0x0, 0x0, 0x7f, 0xf4, 0x1,
    0xff, 0xe0, 0x0, 0x2, 0xff, 0xc0, 0x3, 0xff,
    0xc0, 0x0, 0xf, 0xff, 0x0, 0xf, 0xff, 0x0,
    0x0, 0x3f, 0xf8, 0x0, 0x2f, 0xfd, 0x0, 0x1,
    0xff, 0xd0, 0x0, 0x7f, 0xf8, 0x0, 0xb, 0xff,
    0x0, 0x0, 0xff, 0xf0, 0x0, 0x3f, 0xfc, 0x0,
    0x3, 0xff, 0xc0, 0x0, 0xff, 0xe0, 0x0, 0xb,
    0xff, 0x40, 0x3, 0xff, 0x40, 0x0, 0x1f, 0xfd,
    0x0, 0x1f, 0xfc, 0x0, 0x0, 0x3f, 0xf8, 0x0,
    0xbf, 0xf0, 0x0, 0x0, 0xff, 0xf0, 0x3, 0xff,
    0x80, 0x0, 0x2, 0xff, 0xc0, 0xf, 0xfd, 0x0,
    0x0, 0x7, 0xff, 0x40, 0x7f, 0xf0, 0x0, 0x0,
    0xf, 0xfe, 0x2, 0xff, 0xc0, 0x0, 0x0, 0x3f,
    0xfc, 0xf, 0xfe, 0x0, 0x0, 0x0, 0xbf, 0xf0,
    0x3f, 0xf4, 0x0, 0x0, 0x1, 0xff, 0xd1, 0xff,
    0xc0, 0x0, 0x0, 0x3, 0xff, 0x87, 0xff, 0x0,
    0x0, 0x0, 0xf, 0xff, 0x2f, 0xf8, 0x0, 0x0,
    0x0, 0x2f, 0xfc, 0xff, 0xd0, 0x0, 0x0, 0x0,
    0x7f, 0xf7, 0xff, 0x0, 0x0, 0x0, 0x0, 0xff,
    0xef, 0xfc, 0x0, 0x0, 0x0, 0x3, 0xff, 0xff,
    0xe0, 0x0, 0x0, 0x0, 0xb, 0xff, 0xff, 0x40,
    0x0, 0x0, 0x0, 0x1f, 0xff, 0xfc, 0x0, 0x0,
    0x0, 0x0, 0x3f, 0xff, 0xf0, 0x0, 0x0, 0x0,
    0x0, 0xff, 0xff, 0x80, 0x0, 0x0, 0x0, 0x2,
    0xff, 0xfd, 0x0, 0x0, 0x0,

    /* U+0057 "W" */
    0x7f, 0xe0, 0x0, 0xff, 0xc0, 0x3, 0xff, 0xf,
    0xfc, 0x0, 0x7f, 0xf0, 0x0, 0xff, 0xc3, 0xff,
    0x0, 0x1f, 0xfd, 0x0, 0x3f, 0xf0, 0xff, 0xc0,
    0xb, 0xff, 0x40, 0xf, 0xf8, 0x3f, 0xf0, 0x2,
    0xff, 0xe0, 0x3, 0xfe, 0xf, 0xfc, 0x0, 0xfe,
    0xf8, 0x1, 0xff, 0x82, 0xff, 0x0, 0x3f, 0xbf,
    0x0, 0x7f, 0xd0, 0xbf, 0xd0, 0xf, 0xdf, 0xc0,
    0x1f, 0xf4, 0x1f, 0xf4, 0x3, 0xf7, 0xf0, 0xb,
    0xfc, 0x7, 0xfe, 0x1, 0xfc, 0xfc, 0x2, 0xff,
    0x0, 0xff, 0x80, 0x7f, 0x3f, 0x40, 0xbf, 0xc0,
    0x3f, 0xe0, 0x2f, 0xcf, 0xd0, 0x3f, 0xf0, 0xf,
    0xfc, 0xb, 0xe3, 0xf8, 0xf, 0xfc, 0x3, 0xff,
    0x3, 0xf8, 0xbe, 0x3, 0xfe, 0x0, 0xff, 0xc0,
    0xfd, 0x2f, 0xc0, 0xff, 0x80, 0x2f, 0xf0, 0x3f,
    0x47, 0xf0, 0x3f, 0xd0, 0xb, 0xfc, 0xf, 0xc1,
    0xfc, 0x1f, 0xf4, 0x2, 0xff, 0x7, 0xf0, 0x7f,
    0x7, 0xfc, 0x0, 0x7f, 0xd1, 0xfc, 0xf, 0xc1,
    0xff, 0x0, 0x1f, 0xf4, 0xbf, 0x3, 0xf4, 0xbf,
    0xc0, 0x3, 0xfe, 0x2f, 0x80, 0xfd, 0x2f, 0xf0,
    0x0, 0xff, 0x8f, 0xe0, 0x3f, 0x8b, 0xfc, 0x0,
    0x3f, 0xe3, 0xf4, 0xb, 0xe3, 0xfe, 0x0, 0xf,
    0xfc, 0xfd, 0x2, 0xfc, 0xff, 0x80, 0x3, 0xff,
    0x3f, 0x0, 0x7f, 0x3f, 0xd0, 0x0, 0xbf, 0xdf,
    0xc0, 0x1f, 0xcf, 0xf4, 0x0, 0x2f, 0xf7, 0xf0,
    0x7, 0xf7, 0xfc, 0x0, 0x7, 0xfe, 0xfc, 0x0,
    0xfd, 0xff, 0x0, 0x1, 0xff, 0xbf, 0x0, 0x3f,
    0xbf, 0xc0, 0x0, 0x7f, 0xff, 0x80, 0xf, 0xff,
    0xf0, 0x0, 0xf, 0xff, 0xe0, 0x3, 0xff, 0xfc,
    0x0, 0x3, 0xff, 0xf4, 0x0, 0xbf, 0xfe, 0x0,
    0x0, 0xff, 0xfd, 0x0, 0x2f, 0xff, 0x80, 0x0,
    0x3f, 0xff, 0x0, 0xb, 0xff, 0xd0, 0x0, 0xb,
    0xff, 0xc0, 0x1, 0xff, 0xf4, 0x0,

    /* U+0058 "X" */
    0x3f, 0xff, 0x0, 0x0, 0x3, 0xff, 0xe0, 0x7f,
    0xfd, 0x0, 0x0, 0x1f, 0xff, 0x0, 0xbf, 0xfc,
    0x0, 0x0, 0xff, 0xf8, 0x0, 0xff, 0xf4, 0x0,
    0x7, 0xff, 0xc0, 0x2, 0xff, 0xf0, 0x0, 0x3f,
    0xfd, 0x0, 0x3, 0xff, 0xd0, 0x1, 0xff, 0xf0,
    0x0, 0xb, 0xff, 0xc0, 0xf, 0xff, 0x40, 0x0,
    0xf, 0xff, 0x40, 0x7f, 0xfc, 0x0, 0x0, 0x2f,
    0xff, 0x3, 0xff, 0xd0, 0x0, 0x0, 0x3f, 0xfd,
    0x1f, 0xff, 0x0, 0x0, 0x0, 0x7f, 0xfc, 0xff,
    0xf0, 0x0, 0x0, 0x0, 0xff, 0xfb, 0xff, 0x80,
    0x0, 0x0, 0x1, 0xff, 0xff, 0xfc, 0x0, 0x0,
    0x0, 0x3, 0xff, 0xff, 0xe0, 0x0, 0x0, 0x0,
    0x7, 0xff, 0xff, 0x0, 0x0, 0x0, 0x0, 0xf,
    0xff, 0xf8, 0x0, 0x0, 0x0, 0x0, 0x1f, 0xff,
    0xc0, 0x0, 0x0, 0x0, 0x0, 0x3f, 0xff, 0x0,
    0x0, 0x0, 0x0, 0x2, 0xff, 0xfe, 0x0, 0x0,
    0x0, 0x0, 0x1f, 0xff, 0xfc, 0x0, 0x0, 0x0,
    0x0, 0xff, 0xff, 0xf8, 0x0, 0x0, 0x0, 0x7,
    0xff, 0xff, 0xf0, 0x0, 0x0, 0x0, 0x3f, 0xfe,
    0xff, 0xf0, 0x0, 0x0, 0x1, 0xff, 0xe3, 0xff,
    0xd0, 0x0, 0x0, 0xf, 0xff, 0xb, 0xff, 0xc0,
    0x0, 0x0, 0xbf, 0xfc, 0xf, 0xff, 0x40, 0x0,
    0x3, 0xff, 0xc0, 0x2f, 0xff, 0x0, 0x0, 0x2f,
    0xfe, 0x0, 0x3f, 0xfd, 0x0, 0x0, 0xff, 0xf0,
    0x0, 0xbf, 0xfc, 0x0, 0xb, 0xff, 0x80, 0x0,
    0xff, 0xf8, 0x0, 0x3f, 0xfc, 0x0, 0x2, 0xff,
    0xf0, 0x3, 0xff, 0xe0, 0x0, 0x3, 0xff, 0xe0,
    0x1f, 0xff, 0x0, 0x0, 0xb, 0xff, 0xc0, 0xff,
    0xf8, 0x0, 0x0, 0xf, 0xff, 0x87, 0xff, 0xc0,
    0x0, 0x0, 0x2f, 0xff, 0x0,

    /* U+0059 "Y" */
    0xbf, 0xf8, 0x0, 0x0, 0x0, 0xff, 0xf4, 0xff,
    0xf0, 0x0, 0x0, 0x3, 0xff, 0xc2, 0xff, 0xe0,
    0x0, 0x0, 0x2f, 0xfe, 0x7, 0xff, 0xc0, 0x0,
    0x0, 0xff, 0xf0, 0xf, 0xff, 0x40, 0x0, 0xb,
    0xff, 0x80, 0x1f, 0xff, 0x0, 0x0, 0x3f, 0xfc,
    0x0, 0x3f, 0xfd, 0x0, 0x1, 0xff, 0xe0, 0x0,
    0x7f, 0xfc, 0x0, 0xf, 0xff, 0x0, 0x0, 0xff,
    0xf0, 0x0, 0x7f, 0xfc, 0x0, 0x2, 0xff, 0xe0,
    0x2, 0xff, 0xd0, 0x0, 0x3, 0xff, 0xc0, 0xf,
    0xff, 0x0, 0x0, 0xb, 0xff, 0x80, 0xbf, 0xf4,
    0x0, 0x0, 0xf, 0xff, 0x3, 0xff, 0xc0, 0x0,
    0x0, 0x2f, 0xfd, 0x1f, 0xfd, 0x0, 0x0, 0x0,
    0x3f, 0xfc, 0xbf, 0xf0, 0x0, 0x0, 0x0, 0xff,
    0xf3, 0xff, 0x80, 0x0, 0x0, 0x1, 0xff, 0xef,
    0xfc, 0x0, 0x0, 0x0, 0x3, 0xff, 0xff, 0xe0,
    0x0, 0x0, 0x0, 0x7, 0xff, 0xff, 0x0, 0x0,
    0x0, 0x0, 0xf, 0xff, 0xf8, 0x0, 0x0, 0x0,
    0x0, 0x1f, 0xff, 0xd0, 0x0, 0x0, 0x0, 0x0,
    0x3f, 0xff, 0x0, 0x0, 0x0, 0x0, 0x0, 0xbf,
    0xf4, 0x0, 0x0, 0x0, 0x0, 0x2, 0xff, 0xd0,
    0x0, 0x0, 0x0, 0x0, 0xb, 0xff, 0x40, 0x0,
    0x0, 0x0, 0x0, 0x2f, 0xfd, 0x0, 0x0, 0x0,
    0x0, 0x0, 0xbf, 0xf4, 0x0, 0x0, 0x0, 0x0,
    0x2, 0xff, 0xd0, 0x0, 0x0, 0x0, 0x0, 0xb,
    0xff, 0x40, 0x0, 0x0, 0x0, 0x0, 0x2f, 0xfd,
    0x0, 0x0, 0x0, 0x0, 0x0, 0xbf, 0xf4, 0x0,
    0x0, 0x0, 0x0, 0x2, 0xff, 0xd0, 0x0, 0x0,
    0x0, 0x0, 0xb, 0xff, 0x40, 0x0, 0x0, 0x0,
    0x0, 0x2f, 0xfd, 0x0, 0x0, 0x0, 0x0, 0x0,
    0xbf, 0xf4, 0x0, 0x0, 0x0,

    /* U+005A "Z" */
    0x3f, 0xff, 0xff, 0xff, 0xff, 0xd0, 0xff, 0xff,
    0xff, 0xff, 0xff, 0x43, 0xff, 0xff, 0xff, 0xff,
    0xfd, 0xf, 0xff, 0xff, 0xff, 0xff, 0xf4, 0x3f,
    0xff, 0xff, 0xff, 0xff, 0xd0, 0x55, 0x55, 0x55,
    0x6f, 0xff, 0x40, 0x0, 0x0, 0x0, 0xff, 0xfc,
    0x0, 0x0, 0x0, 0x7, 0xff, 0xd0, 0x0, 0x0,
    0x0, 0x3f, 0xff, 0x0, 0x0, 0x0, 0x2, 0xff,
    0xf0, 0x0, 0x0, 0x0, 0xf, 0xff, 0x80, 0x0,
    0x0, 0x0, 0xbf, 0xfc, 0x0, 0x0, 0x0, 0x7,
    0xff, 0xd0, 0x0, 0x0, 0x0, 0x3f, 0xff, 0x0,
    0x0, 0x0, 0x1, 0xff, 0xf0, 0x0, 0x0, 0x0,
    0xf, 0xff, 0x80, 0x0, 0x0, 0x0, 0xbf, 0xfc,
    0x0, 0x0, 0x0, 0x3, 0xff, 0xd0, 0x0, 0x0,
    0x0, 0x3f, 0xff, 0x0, 0x0, 0x0, 0x1, 0xff,
    0xf4, 0x0, 0x0, 0x0, 0xf, 0xff, 0x80, 0x0,
    0x0, 0x0, 0xbf, 0xfc, 0x0, 0x0, 0x0, 0x3,
    0xff, 0xe0, 0x0, 0x0, 0x0, 0x2f, 0xff, 0x0,
    0x0, 0x0, 0x1, 0xff, 0xf4, 0x0, 0x0, 0x0,
    0xf, 0xff, 0xc0, 0x0, 0x0, 0x0, 0xbf, 0xfc,
    0x0, 0x0, 0x0, 0x3, 0xff, 0xe0, 0x0, 0x0,
    0x0, 0x2f, 0xff, 0x0, 0x0, 0x0, 0x0, 0xff,
    0xf9, 0x55, 0x55, 0x55, 0x43, 0xff, 0xff, 0xff,
    0xff, 0xff, 0xf, 0xff, 0xff, 0xff, 0xff, 0xfc,
    0x3f, 0xff, 0xff, 0xff, 0xff, 0xf0, 0xff, 0xff,
    0xff, 0xff, 0xff, 0xc3, 0xff, 0xff, 0xff, 0xff,
    0xff, 0x0,

    /* U+005B "[" */
    0x2a, 0xaa, 0xaa, 0xa0, 0xff, 0xff, 0xff, 0xd3,
    0xff, 0xff, 0xff, 0x4f, 0xff, 0xff, 0xfd, 0x3f,
    0xff, 0xff, 0xf4, 0xff, 0xff, 0xff, 0xd3, 0xff,
    0xc0, 0x0, 0xf, 0xff, 0x0, 0x0, 0x3f, 0xfc,
    0x0, 0x0, 0xff, 0xf0, 0x0, 0x3, 0xff, 0xc0,
    0x0, 0xf, 0xff, 0x0, 0x0, 0x3f, 0xfc, 0x0,
    0x0, 0xff, 0xf0, 0x0, 0x3, 0xff, 0xc0, 0x0,
    0xf, 0xff, 0x0, 0x0, 0x3f, 0xfc, 0x0, 0x0,
    0xff, 0xf0, 0x0, 0x3, 0xff, 0xc0, 0x0, 0xf,
    0xff, 0x0, 0x0, 0x3f, 0xfc, 0x0, 0x0, 0xff,
    0xf0, 0x0, 0x3, 0xff, 0xc0, 0x0, 0xf, 0xff,
    0x0, 0x0, 0x3f, 0xfc, 0x0, 0x0, 0xff, 0xf0,
    0x0, 0x3, 0xff, 0xc0, 0x0, 0xf, 0xff, 0x0,
    0x0, 0x3f, 0xfc, 0x0, 0x0, 0xff, 0xf0, 0x0,
    0x3, 0xff, 0xc0, 0x0, 0xf, 0xff, 0x0, 0x0,
    0x3f, 0xfc, 0x0, 0x0, 0xff, 0xf0, 0x0, 0x3,
    0xff, 0xc0, 0x0, 0xf, 0xff, 0x0, 0x0, 0x3f,
    0xfc, 0x0, 0x0, 0xff, 0xf0, 0x0, 0x3, 0xff,
    0xc0, 0x0, 0xf, 0xff, 0x0, 0x0, 0x3f, 0xfe,
    0xaa, 0xa0, 0xff, 0xff, 0xff, 0xd3, 0xff, 0xff,
    0xff, 0x4f, 0xff, 0xff, 0xfd, 0x3f, 0xff, 0xff,
    0xf4, 0xff, 0xff, 0xff, 0xd0,

    /* U+005C "\\" */
    0x1a, 0xa8, 0x0, 0x0, 0x0, 0x0, 0x3f, 0xfd,
    0x0, 0x0, 0x0, 0x0, 0x1f, 0xff, 0x0, 0x0,
    0x0, 0x0, 0xf, 0xff, 0x0, 0x0, 0x0, 0x0,
    0xb, 0xff, 0x80, 0x0, 0x0, 0x0, 0x7, 0xff,
    0xc0, 0x0, 0x0, 0x0, 0x3, 0xff, 0xd0, 0x0,
    0x0, 0x0, 0x2, 0xff, 0xe0, 0x0, 0x0, 0x0,
    0x0, 0xff, 0xf0, 0x0, 0x0, 0x0, 0x0, 0xff,
    0xf4, 0x0, 0x0, 0x0, 0x0, 0x7f, 0xfc, 0x0,
    0x0, 0x0, 0x0, 0x3f, 0xfc, 0x0, 0x0, 0x0,
    0x0, 0x2f, 0xfe, 0x0, 0x0, 0x0, 0x0, 0x1f,
    0xff, 0x0, 0x0, 0x0, 0x0, 0xf, 0xff, 0x40,
    0x0, 0x0, 0x0, 0xb, 0xff, 0x80, 0x0, 0x0,
    0x0, 0x3, 0xff, 0xc0, 0x0, 0x0, 0x0, 0x3,
    0xff, 0xd0, 0x0, 0x0, 0x0, 0x2, 0xff, 0xf0,
    0x0, 0x0, 0x0, 0x0, 0xff, 0xf0, 0x0, 0x0,
    0x0, 0x0, 0xff, 0xf4, 0x0, 0x0, 0x0, 0x0,
    0x7f, 0xfc, 0x0, 0x0, 0x0, 0x0, 0x3f, 0xfc,
    0x0, 0x0, 0x0, 0x0, 0x2f, 0xfe, 0x0, 0x0,
    0x0, 0x0, 0x1f, 0xff, 0x0, 0x0, 0x0, 0x0,
    0xf, 0xff, 0x40, 0x0, 0x0, 0x0, 0xb, 0xff,
    0x80, 0x0, 0x0, 0x0, 0x3, 0xff, 0xc0, 0x0,
    0x0, 0x0, 0x3, 0xff, 0xd0, 0x0, 0x0, 0x0,
    0x1, 0xff, 0xf0, 0x0, 0x0, 0x0, 0x0, 0xff,
    0xf0, 0x0, 0x0, 0x0, 0x0, 0xbf, 0xf8, 0x0,
    0x0, 0x0, 0x0, 0x7f, 0xfc, 0x0, 0x0, 0x0,
    0x0, 0x3f, 0xfd, 0x0, 0x0, 0x0, 0x0, 0x2f,
    0xfe, 0x0, 0x0, 0x0, 0x0, 0xf, 0xff, 0x0,
    0x0, 0x0, 0x0, 0xf, 0xff, 0x40, 0x0, 0x0,
    0x0, 0xb, 0xff, 0x80, 0x0, 0x0, 0x0, 0x3,
    0xff, 0xc0, 0x0, 0x0, 0x0, 0x3, 0xff, 0xd0,
    0x0, 0x0, 0x0, 0x1, 0xff, 0xf0, 0x0, 0x0,
    0x0, 0x0, 0xff, 0xf0, 0x0, 0x0, 0x0, 0x0,
    0xbf, 0xf8, 0x0, 0x0, 0x0, 0x0, 0x7f, 0xfc,
    0x0, 0x0, 0x0, 0x0, 0x3f, 0xfd, 0x0, 0x0,
    0x0, 0x0, 0x2f, 0xfe,

    /* U+005D "]" */
    0x6a, 0xaa, 0xaa, 0xab, 0xff, 0xff, 0xff, 0xbf,
    0xff, 0xff, 0xfb, 0xff, 0xff, 0xff, 0xbf, 0xff,
    0xff, 0xfb, 0xff, 0xff, 0xff, 0x0, 0x0, 0xff,
    0xf0, 0x0, 0xf, 0xff, 0x0, 0x0, 0xff, 0xf0,
    0x0, 0xf, 0xff, 0x0, 0x0, 0xff, 0xf0, 0x0,
    0xf, 0xff, 0x0, 0x0, 0xff, 0xf0, 0x0, 0xf,
    0xff, 0x0, 0x0, 0xff, 0xf0, 0x0, 0xf, 0xff,
    0x0, 0x0, 0xff, 0xf0, 0x0, 0xf, 0xff, 0x0,
    0x0, 0xff, 0xf0, 0x0, 0xf, 0xff, 0x0, 0x0,
    0xff, 0xf0, 0x0, 0xf, 0xff, 0x0, 0x0, 0xff,
    0xf0, 0x0, 0xf, 0xff, 0x0, 0x0, 0xff, 0xf0,
    0x0, 0xf, 0xff, 0x0, 0x0, 0xff, 0xf0, 0x0,
    0xf, 0xff, 0x0, 0x0, 0xff, 0xf0, 0x0, 0xf,
    0xff, 0x0, 0x0, 0xff, 0xf0, 0x0, 0xf, 0xff,
    0x0, 0x0, 0xff, 0xf0, 0x0, 0xf, 0xff, 0x0,
    0x0, 0xff, 0xf0, 0x0, 0xf, 0xff, 0x0, 0x0,
    0xff, 0xf0, 0x0, 0xf, 0xff, 0x0, 0x0, 0xff,
    0xf0, 0x0, 0xf, 0xff, 0x6a, 0xaa, 0xff, 0xfb,
    0xff, 0xff, 0xff, 0xbf, 0xff, 0xff, 0xfb, 0xff,
    0xff, 0xff, 0xbf, 0xff, 0xff, 0xfb, 0xff, 0xff,
    0xff,

    /* U+005E "^" */
    0x0, 0x0, 0xbf, 0xf8, 0x0, 0x0, 0x0, 0x3,
    0xff, 0xf0, 0x0, 0x0, 0x0, 0x2f, 0xff, 0xd0,
    0x0, 0x0, 0x0, 0xff, 0xff, 0xc0, 0x0, 0x0,
    0x7, 0xff, 0xff, 0x40, 0x0, 0x0, 0x3f, 0xf7,
    0xfe, 0x0, 0x0, 0x1, 0xff, 0xcf, 0xfc, 0x0,
    0x0, 0xb, 0xfd, 0x2f, 0xf8, 0x0, 0x0, 0x3f,
    0xf0, 0x3f, 0xf0, 0x0, 0x2, 0xff, 0x80, 0xff,
    0xd0, 0x0, 0xf, 0xfd, 0x1, 0xff, 0xc0, 0x0,
    0x7f, 0xf0, 0x3, 0xff, 0x40, 0x3, 0xff, 0x40,
    0xb, 0xfe, 0x0, 0x1f, 0xfc, 0x0, 0x1f, 0xfc,
    0x0, 0xff, 0xe0, 0x0, 0x3f, 0xf8, 0x3, 0xff,
    0x40, 0x0, 0x7f, 0xf0, 0x2f, 0xfc, 0x0, 0x0,
    0xff, 0xd0, 0xff, 0xd0, 0x0, 0x2, 0xff, 0xcb,
    0xff, 0x0, 0x0, 0x7, 0xff, 0x40,

    /* U+005F "_" */
    0x15, 0x55, 0x55, 0x55, 0x55, 0x55, 0x3f, 0xff,
    0xff, 0xff, 0xff, 0xff, 0x3f, 0xff, 0xff, 0xff,
    0xff, 0xff, 0x3f, 0xff, 0xff, 0xff, 0xff, 0xff,
    0x3f, 0xff, 0xff, 0xff, 0xff, 0xff, 0x3f, 0xff,
    0xff, 0xff, 0xff, 0xff,

    /* U+0060 "`" */
    0x2f, 0xfe, 0x0, 0x3, 0xff, 0xd0, 0x0, 0x7f,
    0xfc, 0x0, 0x7, 0xff, 0xc0, 0x0, 0xbf, 0xf8,
    0x0, 0xf, 0xff, 0x40, 0x0, 0xff, 0xf4,

    /* U+0061 "a" */
    0x0, 0x0, 0xaf, 0xfe, 0x80, 0x0, 0x0, 0xf,
    0xff, 0xff, 0xfc, 0x0, 0x0, 0x7f, 0xff, 0xff,
    0xff, 0x40, 0x1, 0xff, 0xff, 0xff, 0xff, 0xd0,
    0x3, 0xff, 0xff, 0xff, 0xff, 0xf0, 0xb, 0xff,
    0xd0, 0x1, 0xff, 0xf4, 0xf, 0xff, 0x0, 0x0,
    0x7f, 0xfc, 0xa, 0xaa, 0x0, 0x0, 0x3f, 0xfc,
    0x0, 0x0, 0x0, 0x0, 0x3f, 0xfc, 0x0, 0x0,
    0x0, 0x0, 0x3f, 0xfc, 0x0, 0x6, 0xbf, 0xff,
    0xff, 0xfc, 0x0, 0x7f, 0xff, 0xff, 0xff, 0xfc,
    0x2, 0xff, 0xff, 0xff, 0xff, 0xfc, 0xb, 0xff,
    0xff, 0xff, 0xff, 0xfc, 0xf, 0xff, 0x80, 0x0,
    0x3f, 0xfc, 0x2f, 0xfe, 0x0, 0x0, 0x3f, 0xfc,
    0x3f, 0xfc, 0x0, 0x0, 0x3f, 0xfc, 0x3f, 0xf8,
    0x0, 0x0, 0x3f, 0xfc, 0x3f, 0xf8, 0x0, 0x0,
    0x3f, 0xfc, 0x3f, 0xfc, 0x0, 0x0, 0x7f, 0xfc,
    0x3f, 0xfe, 0x0, 0x1, 0xff, 0xfc, 0x3f, 0xff,
    0x80, 0xb, 0xff, 0xfc, 0x1f, 0xff, 0xff, 0xff,
    0xff, 0xfc, 0xf, 0xff, 0xff, 0xff, 0xbf, 0xfc,
    0x3, 0xff, 0xff, 0xff, 0x3f, 0xfc, 0x0, 0xbf,
    0xff, 0xf8, 0x3f, 0xfc, 0x0, 0xb, 0xff, 0x90,
    0x3f, 0xfc,

    /* U+0062 "b" */
    0x7f, 0xf8, 0x0, 0x0, 0x0, 0x1, 0xff, 0xe0,
    0x0, 0x0, 0x0, 0x7, 0xff, 0x80, 0x0, 0x0,
    0x0, 0x1f, 0xfe, 0x0, 0x0, 0x0, 0x0, 0x7f,
    0xf8, 0x0, 0x0, 0x0, 0x1, 0xff, 0xe0, 0x0,
    0x0, 0x0, 0x7, 0xff, 0x80, 0x0, 0x0, 0x0,
    0x1f, 0xfe, 0x0, 0x0, 0x0, 0x0, 0x7f, 0xf8,
    0x6, 0xff, 0x80, 0x1, 0xff, 0xe0, 0xff, 0xff,
    0xe0, 0x7, 0xff, 0x8f, 0xff, 0xff, 0xf0, 0x1f,
    0xfe, 0xbf, 0xff, 0xff, 0xe0, 0x7f, 0xfb, 0xff,
    0xff, 0xff, 0xc1, 0xff, 0xff, 0x91, 0xbf, 0xff,
    0x87, 0xff, 0xf0, 0x0, 0x3f, 0xff, 0x1f, 0xff,
    0x40, 0x0, 0x3f, 0xfc, 0x7f, 0xfc, 0x0, 0x0,
    0xff, 0xf5, 0xff, 0xf0, 0x0, 0x2, 0xff, 0xd7,
    0xff, 0x80, 0x0, 0xb, 0xff, 0x5f, 0xfe, 0x0,
    0x0, 0x2f, 0xfd, 0x7f, 0xf8, 0x0, 0x0, 0xbf,
    0xf5, 0xff, 0xe0, 0x0, 0x2, 0xff, 0xd7, 0xff,
    0x80, 0x0, 0xb, 0xff, 0x5f, 0xfe, 0x0, 0x0,
    0x2f, 0xfd, 0x7f, 0xf8, 0x0, 0x0, 0xbf, 0xf5,
    0xff, 0xf0, 0x0, 0x2, 0xff, 0xd7, 0xff, 0xc0,
    0x0, 0xf, 0xff, 0x5f, 0xff, 0x40, 0x0, 0x3f,
    0xfc, 0x7f, 0xff, 0x0, 0x3, 0xff, 0xf1, 0xff,
    0xff, 0x91, 0xbf, 0xff, 0x87, 0xff, 0xbf, 0xff,
    0xff, 0xfc, 0x1f, 0xfe, 0xbf, 0xff, 0xff, 0xe0,
    0x7f, 0xf8, 0xff, 0xff, 0xfe, 0x1, 0xff, 0xe0,
    0xff, 0xff, 0xe0, 0x7, 0xff, 0x80, 0x6f, 0xf8,
    0x0, 0x0,

    /* U+0063 "c" */
    0x0, 0x1, 0xbf, 0xfe, 0x40, 0x0, 0x0, 0xbf,
    0xff, 0xff, 0xd0, 0x0, 0xf, 0xff, 0xff, 0xff,
    0xe0, 0x0, 0xff, 0xff, 0xff, 0xff, 0xe0, 0xf,
    0xff, 0xff, 0xff, 0xff, 0xd0, 0x7f, 0xff, 0x95,
    0x7f, 0xff, 0xc3, 0xff, 0xf0, 0x0, 0x1f, 0xff,
    0x4f, 0xff, 0x40, 0x0, 0x2f, 0xfe, 0x7f, 0xfc,
    0x0, 0x0, 0x3f, 0xfd, 0xff, 0xe0, 0x0, 0x0,
    0x55, 0x57, 0xff, 0x80, 0x0, 0x0, 0x0, 0x1f,
    0xfe, 0x0, 0x0, 0x0, 0x0, 0x7f, 0xf8, 0x0,
    0x0, 0x0, 0x1, 0xff, 0xe0, 0x0, 0x0, 0x0,
    0x7, 0xff, 0x80, 0x0, 0x0, 0x0, 0x1f, 0xfe,
    0x0, 0x0, 0x0, 0x0, 0x7f, 0xf8, 0x0, 0x0,
    0x0, 0x1, 0xff, 0xe0, 0x0, 0x0, 0x55, 0x57,
    0xff, 0xc0, 0x0, 0x3, 0xff, 0xcf, 0xff, 0x40,
    0x0, 0x2f, 0xfe, 0x3f, 0xff, 0x0, 0x1, 0xff,
    0xf4, 0x7f, 0xff, 0x95, 0x7f, 0xff, 0xc0, 0xff,
    0xff, 0xff, 0xff, 0xfd, 0x0, 0xff, 0xff, 0xff,
    0xff, 0xe0, 0x0, 0xff, 0xff, 0xff, 0xfe, 0x0,
    0x0, 0xbf, 0xff, 0xff, 0xd0, 0x0, 0x0, 0x1b,
    0xff, 0xe4, 0x0, 0x0,

    /* U+0064 "d" */
    0x0, 0x0, 0x0, 0x0, 0xff, 0xf0, 0x0, 0x0,
    0x0, 0x3, 0xff, 0xc0, 0x0, 0x0, 0x0, 0xf,
    0xff, 0x0, 0x0, 0x0, 0x0, 0x3f, 0xfc, 0x0,
    0x0, 0x0, 0x0, 0xff, 0xf0, 0x0, 0x0, 0x0,
    0x3, 0xff, 0xc0, 0x0, 0x0, 0x0, 0xf, 0xff,
    0x0, 0x0, 0x0, 0x0, 0x3f, 0xfc, 0x0, 0x1b,
    0xfe, 0x0, 0xff, 0xf0, 0x3, 0xff, 0xff, 0x83,
    0xff, 0xc0, 0x3f, 0xff, 0xff, 0x8f, 0xff, 0x3,
    0xff, 0xff, 0xff, 0x7f, 0xfc, 0x1f, 0xff, 0xff,
    0xff, 0xff, 0xf0, 0xff, 0xff, 0x51, 0xbf, 0xff,
    0xc3, 0xff, 0xe0, 0x0, 0x7f, 0xff, 0x1f, 0xff,
    0x0, 0x0, 0xbf, 0xfc, 0x7f, 0xf8, 0x0, 0x0,
    0xff, 0xf2, 0xff, 0xd0, 0x0, 0x3, 0xff, 0xcb,
    0xff, 0x40, 0x0, 0xf, 0xff, 0x2f, 0xfd, 0x0,
    0x0, 0x3f, 0xfc, 0xbf, 0xf4, 0x0, 0x0, 0xff,
    0xf2, 0xff, 0xd0, 0x0, 0x3, 0xff, 0xcb, 0xff,
    0x40, 0x0, 0xf, 0xff, 0x2f, 0xfd, 0x0, 0x0,
    0x3f, 0xfc, 0xbf, 0xf4, 0x0, 0x0, 0xff, 0xf2,
    0xff, 0xd0, 0x0, 0x3, 0xff, 0xc7, 0xff, 0x80,
    0x0, 0xf, 0xff, 0x1f, 0xff, 0x0, 0x0, 0xbf,
    0xfc, 0x3f, 0xfe, 0x0, 0x7, 0xff, 0xf0, 0xff,
    0xff, 0x51, 0xbf, 0xff, 0xc1, 0xff, 0xff, 0xff,
    0xff, 0xff, 0x3, 0xff, 0xff, 0xff, 0x7f, 0xfc,
    0x3, 0xff, 0xff, 0xfc, 0xff, 0xf0, 0x2, 0xff,
    0xff, 0x83, 0xff, 0xc0, 0x1, 0xbf, 0xe4, 0xf,
    0xff, 0x0,

    /* U+0065 "e" */
    0x0, 0x1, 0xbf, 0xf9, 0x0, 0x0, 0x0, 0xbf,
    0xff, 0xff, 0x80, 0x0, 0x1f, 0xff, 0xff, 0xff,
    0xc0, 0x1, 0xff, 0xff, 0xff, 0xff, 0xc0, 0xf,
    0xff, 0xfa, 0xbf, 0xff, 0xc0, 0xbf, 0xfd, 0x0,
    0x1f, 0xff, 0x43, 0xff, 0xc0, 0x0, 0x1f, 0xff,
    0x1f, 0xfe, 0x0, 0x0, 0x3f, 0xfc, 0x7f, 0xf4,
    0x0, 0x0, 0x7f, 0xf6, 0xff, 0xc0, 0x0, 0x1,
    0xff, 0xdb, 0xff, 0x0, 0x0, 0x7, 0xff, 0x6f,
    0xff, 0xff, 0xff, 0xff, 0xfd, 0xbf, 0xff, 0xff,
    0xff, 0xff, 0xf6, 0xff, 0xff, 0xff, 0xff, 0xff,
    0xdb, 0xff, 0xff, 0xff, 0xff, 0xff, 0x6f, 0xfc,
    0x0, 0x0, 0x0, 0x0, 0xbf, 0xf0, 0x0, 0x0,
    0x0, 0x2, 0xff, 0xc0, 0x0, 0x0, 0x0, 0x7,
    0xff, 0x40, 0x0, 0x0, 0x0, 0x1f, 0xfe, 0x0,
    0x0, 0x15, 0x54, 0x3f, 0xfd, 0x0, 0x1, 0xff,
    0xf0, 0xbf, 0xfe, 0x0, 0x2f, 0xff, 0x80, 0xff,
    0xff, 0xff, 0xff, 0xfc, 0x1, 0xff, 0xff, 0xff,
    0xff, 0xc0, 0x1, 0xff, 0xff, 0xff, 0xfc, 0x0,
    0x0, 0xbf, 0xff, 0xff, 0x80, 0x0, 0x0, 0x1b,
    0xff, 0x90, 0x0, 0x0,

    /* U+0066 "f" */
    0x0, 0x0, 0x0, 0x6f, 0xff, 0xfe, 0x0, 0x0,
    0x7, 0xff, 0xff, 0xfe, 0x0, 0x0, 0x2f, 0xff,
    0xff, 0xfe, 0x0, 0x0, 0x7f, 0xff, 0xff, 0xfe,
    0x0, 0x0, 0xff, 0xff, 0xff, 0xfe, 0x0, 0x0,
    0xff, 0xfd, 0x55, 0x54, 0x0, 0x1, 0xff, 0xf0,
    0x0, 0x0, 0x0, 0x1, 0xff, 0xe0, 0x0, 0x0,
    0x0, 0x1, 0xff, 0xe0, 0x0, 0x0, 0x0, 0x1,
    0xff, 0xe0, 0x0, 0x0, 0x0, 0x1, 0xff, 0xe0,
    0x0, 0x0, 0x0, 0x1, 0xff, 0xe0, 0x0, 0x0,
    0xbf, 0xff, 0xff, 0xff, 0xff, 0xfe, 0xbf, 0xff,
    0xff, 0xff, 0xff, 0xfe, 0xbf, 0xff, 0xff, 0xff,
    0xff, 0xfe, 0xbf, 0xff, 0xff, 0xff, 0xff, 0xfe,
    0xbf, 0xff, 0xff, 0xff, 0xff, 0xfe, 0x55, 0x56,
    0xff, 0xf5, 0x55, 0x55, 0x0, 0x1, 0xff, 0xe0,
    0x0, 0x0, 0x0, 0x1, 0xff, 0xe0, 0x0, 0x0,
    0x0, 0x1, 0xff, 0xe0, 0x0, 0x0, 0x0, 0x1,
    0xff, 0xe0, 0x0, 0x0, 0x0, 0x1, 0xff, 0xe0,
    0x0, 0x0, 0x0, 0x1, 0xff, 0xe0, 0x0, 0x0,
    0x0, 0x1, 0xff, 0xe0, 0x0, 0x0, 0x0, 0x1,
    0xff, 0xe0, 0x0, 0x0, 0x0, 0x1, 0xff, 0xe0,
    0x0, 0x0, 0x0, 0x1, 0xff, 0xe0, 0x0, 0x0,
    0x0, 0x1, 0xff, 0xe0, 0x0, 0x0, 0x0, 0x1,
    0xff, 0xe0, 0x0, 0x0, 0x0, 0x1, 0xff, 0xe0,
    0x0, 0x0, 0x0, 0x1, 0xff, 0xe0, 0x0, 0x0,
    0x0, 0x1, 0xff, 0xe0, 0x0, 0x0, 0x0, 0x1,
    0xff, 0xe0, 0x0, 0x0, 0x0, 0x1, 0xff, 0xe0,
    0x0, 0x0,

    /* U+0067 "g" */
    0x0, 0xb, 0xfe, 0x40, 0xff, 0xf0, 0x2, 0xff,
    0xff, 0xc3, 0xff, 0xc0, 0x3f, 0xff, 0xff, 0xcf,
    0xff, 0x2, 0xff, 0xff, 0xff, 0xbf, 0xfc, 0x1f,
    0xff, 0xff, 0xff, 0xff, 0xf0, 0xbf, 0xff, 0x51,
    0xbf, 0xff, 0xc3, 0xff, 0xf0, 0x0, 0x7f, 0xff,
    0x1f, 0xff, 0x0, 0x0, 0xbf, 0xfc, 0x7f, 0xf8,
    0x0, 0x0, 0xff, 0xf1, 0xff, 0xe0, 0x0, 0x3,
    0xff, 0xcb, 0xff, 0x40, 0x0, 0xf, 0xff, 0x2f,
    0xfd, 0x0, 0x0, 0x3f, 0xfc, 0xbf, 0xf4, 0x0,
    0x0, 0xff, 0xf2, 0xff, 0xd0, 0x0, 0x3, 0xff,
    0xcb, 0xff, 0x40, 0x0, 0xf, 0xff, 0x2f, 0xfd,
    0x0, 0x0, 0x3f, 0xfc, 0x7f, 0xf8, 0x0, 0x0,
    0xff, 0xf1, 0xff, 0xe0, 0x0, 0x3, 0xff, 0xc7,
    0xff, 0xc0, 0x0, 0x2f, 0xff, 0xf, 0xff, 0x80,
    0x1, 0xff, 0xfc, 0x2f, 0xff, 0xd0, 0x6f, 0xff,
    0xf0, 0x7f, 0xff, 0xff, 0xff, 0xff, 0xc0, 0xbf,
    0xff, 0xff, 0xef, 0xff, 0x0, 0xff, 0xff, 0xff,
    0x3f, 0xfc, 0x0, 0xbf, 0xff, 0xf0, 0xff, 0xf0,
    0x0, 0x2f, 0xf9, 0x3, 0xff, 0xc0, 0x0, 0x0,
    0x0, 0xf, 0xff, 0x0, 0x0, 0x0, 0x0, 0x3f,
    0xfc, 0x0, 0x0, 0x0, 0x0, 0xff, 0xf0, 0x0,
    0x0, 0x0, 0xb, 0xff, 0x80, 0x0, 0x0, 0x1,
    0xbf, 0xfd, 0x0, 0x2f, 0xff, 0xff, 0xff, 0xf0,
    0x0, 0xbf, 0xff, 0xff, 0xff, 0x40, 0x2, 0xff,
    0xff, 0xff, 0xf4, 0x0, 0xb, 0xff, 0xff, 0xff,
    0x0, 0x0, 0x2f, 0xff, 0xfe, 0x80, 0x0,

    /* U+0068 "h" */
    0x7f, 0xf8, 0x0, 0x0, 0x0, 0x1, 0xff, 0xe0,
    0x0, 0x0, 0x0, 0x7, 0xff, 0x80, 0x0, 0x0,
    0x0, 0x1f, 0xfe, 0x0, 0x0, 0x0, 0x0, 0x7f,
    0xf8, 0x0, 0x0, 0x0, 0x1, 0xff, 0xe0, 0x0,
    0x0, 0x0, 0x7, 0xff, 0x80, 0x0, 0x0, 0x0,
    0x1f, 0xfe, 0x0, 0x0, 0x0, 0x0, 0x7f, 0xf8,
    0x6, 0xff, 0x80, 0x1, 0xff, 0xe0, 0xff, 0xff,
    0xe0, 0x7, 0xff, 0x8f, 0xff, 0xff, 0xe0, 0x1f,
    0xfe, 0xff, 0xff, 0xff, 0xe0, 0x7f, 0xff, 0xff,
    0xff, 0xff, 0xc1, 0xff, 0xff, 0x91, 0xbf, 0xff,
    0x87, 0xff, 0xf0, 0x0, 0x3f, 0xff, 0x1f, 0xff,
    0x40, 0x0, 0x7f, 0xfc, 0x7f, 0xfc, 0x0, 0x0,
    0xff, 0xf1, 0xff, 0xf0, 0x0, 0x3, 0xff, 0xc7,
    0xff, 0x80, 0x0, 0xf, 0xff, 0x1f, 0xfe, 0x0,
    0x0, 0x3f, 0xfc, 0x7f, 0xf8, 0x0, 0x0, 0xff,
    0xf1, 0xff, 0xe0, 0x0, 0x3, 0xff, 0xc7, 0xff,
    0x80, 0x0, 0xf, 0xff, 0x1f, 0xfe, 0x0, 0x0,
    0x3f, 0xfc, 0x7f, 0xf8, 0x0, 0x0, 0xff, 0xf1,
    0xff, 0xe0, 0x0, 0x3, 0xff, 0xc7, 0xff, 0x80,
    0x0, 0xf, 0xff, 0x1f, 0xfe, 0x0, 0x0, 0x3f,
    0xfc, 0x7f, 0xf8, 0x0, 0x0, 0xff, 0xf1, 0xff,
    0xe0, 0x0, 0x3, 0xff, 0xc7, 0xff, 0x80, 0x0,
    0xf, 0xff, 0x1f, 0xfe, 0x0, 0x0, 0x3f, 0xfc,
    0x7f, 0xf8, 0x0, 0x0, 0xff, 0xf1, 0xff, 0xe0,
    0x0, 0x3, 0xff, 0xc7, 0xff, 0x80, 0x0, 0xf,
    0xff, 0x0,

    /* U+0069 "i" */
    0x0, 0x0, 0xb, 0xf4, 0x0, 0x0, 0x0, 0x0,
    0x3f, 0xfe, 0x0, 0x0, 0x0, 0x0, 0xbf, 0xff,
    0x0, 0x0, 0x0, 0x0, 0xbf, 0xff, 0x0, 0x0,
    0x0, 0x0, 0xbf, 0xff, 0x0, 0x0, 0x0, 0x0,
    0x3f, 0xfe, 0x0, 0x0, 0x0, 0x0, 0xb, 0xf4,
    0x0, 0x0, 0x0, 0x0, 0x0, 0x0, 0x0, 0x0,
    0x0, 0x0, 0x0, 0x0, 0x0, 0x0, 0x0, 0x0,
    0x0, 0x0, 0x0, 0x0, 0x0, 0x0, 0x0, 0x0,
    0x0, 0x0, 0x1f, 0xff, 0xff, 0xfe, 0x0, 0x0,
    0x1f, 0xff, 0xff, 0xfe, 0x0, 0x0, 0x1f, 0xff,
    0xff, 0xfe, 0x0, 0x0, 0x1f, 0xff, 0xff, 0xfe,
    0x0, 0x0, 0x1f, 0xff, 0xff, 0xfe, 0x0, 0x0,
    0x5, 0x55, 0x6f, 0xfe, 0x0, 0x0, 0x0, 0x0,
    0x1f, 0xfe, 0x0, 0x0, 0x0, 0x0, 0x1f, 0xfe,
    0x0, 0x0, 0x0, 0x0, 0x1f, 0xfe, 0x0, 0x0,
    0x0, 0x0, 0x1f, 0xfe, 0x0, 0x0, 0x0, 0x0,
    0x1f, 0xfe, 0x0, 0x0, 0x0, 0x0, 0x1f, 0xfe,
    0x0, 0x0, 0x0, 0x0, 0x1f, 0xfe, 0x0, 0x0,
    0x0, 0x0, 0x1f, 0xfe, 0x0, 0x0, 0x0, 0x0,
    0x1f, 0xfe, 0x0, 0x0, 0x0, 0x0, 0x1f, 0xfe,
    0x0, 0x0, 0x0, 0x0, 0x1f, 0xfe, 0x0, 0x0,
    0x0, 0x0, 0x1f, 0xfe, 0x0, 0x0, 0x0, 0x0,
    0x1f, 0xfe, 0x0, 0x0, 0x0, 0x0, 0x1f, 0xfe,
    0x0, 0x0, 0x0, 0x0, 0x1f, 0xfe, 0x0, 0x0,
    0x15, 0x55, 0x6f, 0xff, 0x55, 0x55, 0x7f, 0xff,
    0xff, 0xff, 0xff, 0xff, 0x7f, 0xff, 0xff, 0xff,
    0xff, 0xff, 0x7f, 0xff, 0xff, 0xff, 0xff, 0xff,
    0x7f, 0xff, 0xff, 0xff, 0xff, 0xff, 0x7f, 0xff,
    0xff, 0xff, 0xff, 0xff,

    /* U+006A "j" */
    0x0, 0x0, 0x0, 0x1f, 0xe0, 0x0, 0x0, 0x0,
    0xff, 0xfc, 0x0, 0x0, 0x1, 0xff, 0xfd, 0x0,
    0x0, 0x1, 0xff, 0xfd, 0x0, 0x0, 0x1, 0xff,
    0xfd, 0x0, 0x0, 0x0, 0xff, 0xfc, 0x0, 0x0,
    0x0, 0x2f, 0xe0, 0x0, 0x0, 0x0, 0x0, 0x0,
    0x0, 0x0, 0x0, 0x0, 0x0, 0x0, 0x0, 0x0,
    0x0, 0x0, 0x0, 0x0, 0x0, 0x0, 0x0, 0x7f,
    0xff, 0xff, 0xff, 0xfc, 0x7f, 0xff, 0xff, 0xff,
    0xfc, 0x7f, 0xff, 0xff, 0xff, 0xfc, 0x7f, 0xff,
    0xff, 0xff, 0xfc, 0x7f, 0xff, 0xff, 0xff, 0xfc,
    0x15, 0x55, 0x55, 0xbf, 0xfc, 0x0, 0x0, 0x0,
    0x3f, 0xfc, 0x0, 0x0, 0x0, 0x3f, 0xfc, 0x0,
    0x0, 0x0, 0x3f, 0xfc, 0x0, 0x0, 0x0, 0x3f,
    0xfc, 0x0, 0x0, 0x0, 0x3f, 0xfc, 0x0, 0x0,
    0x0, 0x3f, 0xfc, 0x0, 0x0, 0x0, 0x3f, 0xfc,
    0x0, 0x0, 0x0, 0x3f, 0xfc, 0x0, 0x0, 0x0,
    0x3f, 0xfc, 0x0, 0x0, 0x0, 0x3f, 0xfc, 0x0,
    0x0, 0x0, 0x3f, 0xfc, 0x0, 0x0, 0x0, 0x3f,
    0xfc, 0x0, 0x0, 0x0, 0x3f, 0xfc, 0x0, 0x0,
    0x0, 0x3f, 0xfc, 0x0, 0x0, 0x0, 0x3f, 0xfc,
    0x0, 0x0, 0x0, 0x3f, 0xfc, 0x0, 0x0, 0x0,
    0x3f, 0xfc, 0x0, 0x0, 0x0, 0x3f, 0xfc, 0x0,
    0x0, 0x0, 0x3f, 0xfc, 0x0, 0x0, 0x0, 0x3f,
    0xfc, 0x0, 0x0, 0x0, 0x7f, 0xfc, 0x0, 0x0,
    0x0, 0xbf, 0xf8, 0x0, 0x0, 0x0, 0xff, 0xf4,
    0x0, 0x0, 0x3, 0xff, 0xf0, 0x15, 0x55, 0xaf,
    0xff, 0xf0, 0x3f, 0xff, 0xff, 0xff, 0xc0, 0x3f,
    0xff, 0xff, 0xff, 0x40, 0x3f, 0xff, 0xff, 0xfe,
    0x0, 0x3f, 0xff, 0xff, 0xf4, 0x0, 0x3f, 0xff,
    0xfe, 0x40, 0x0,

    /* U+006B "k" */
    0x3f, 0xfc, 0x0, 0x0, 0x0, 0x0, 0xf, 0xff,
    0x0, 0x0, 0x0, 0x0, 0x3, 0xff, 0xc0, 0x0,
    0x0, 0x0, 0x0, 0xff, 0xf0, 0x0, 0x0, 0x0,
    0x0, 0x3f, 0xfc, 0x0, 0x0, 0x0, 0x0, 0xf,
    0xff, 0x0, 0x0, 0x0, 0x0, 0x3, 0xff, 0xc0,
    0x0, 0x0, 0x0, 0x0, 0xff, 0xf0, 0x0, 0x0,
    0x0, 0x0, 0x3f, 0xfc, 0x0, 0x0, 0x3f, 0xff,
    0xf, 0xff, 0x0, 0x0, 0x1f, 0xff, 0x3, 0xff,
    0xc0, 0x0, 0xf, 0xff, 0x80, 0xff, 0xf0, 0x0,
    0xb, 0xff, 0xc0, 0x3f, 0xfc, 0x0, 0x3, 0xff,
    0xd0, 0xf, 0xff, 0x0, 0x2, 0xff, 0xf0, 0x3,
    0xff, 0xc0, 0x1, 0xff, 0xf4, 0x0, 0xff, 0xf0,
    0x0, 0xff, 0xf8, 0x0, 0x3f, 0xfc, 0x0, 0x7f,
    0xfc, 0x0, 0xf, 0xff, 0x0, 0x3f, 0xfe, 0x0,
    0x3, 0xff, 0xc0, 0x2f, 0xff, 0x0, 0x0, 0xff,
    0xff, 0xff, 0xff, 0x40, 0x0, 0x3f, 0xff, 0xff,
    0xff, 0xc0, 0x0, 0xf, 0xff, 0xff, 0xff, 0xd0,
    0x0, 0x3, 0xff, 0xff, 0xff, 0xfc, 0x0, 0x0,
    0xff, 0xff, 0xff, 0xff, 0x80, 0x0, 0x3f, 0xfc,
    0x2, 0xff, 0xf0, 0x0, 0xf, 0xff, 0x0, 0x3f,
    0xff, 0x0, 0x3, 0xff, 0xc0, 0x7, 0xff, 0xd0,
    0x0, 0xff, 0xf0, 0x0, 0xff, 0xfc, 0x0, 0x3f,
    0xfc, 0x0, 0xf, 0xff, 0x80, 0xf, 0xff, 0x0,
    0x2, 0xff, 0xf0, 0x3, 0xff, 0xc0, 0x0, 0x3f,
    0xfe, 0x0, 0xff, 0xf0, 0x0, 0x7, 0xff, 0xd0,
    0x3f, 0xfc, 0x0, 0x0, 0xff, 0xfc, 0xf, 0xff,
    0x0, 0x0, 0x1f, 0xff, 0x83, 0xff, 0xc0, 0x0,
    0x2, 0xff, 0xf0,

    /* U+006C "l" */
    0xbf, 0xff, 0xff, 0xfc, 0x0, 0x0, 0xb, 0xff,
    0xff, 0xff, 0xc0, 0x0, 0x0, 0xbf, 0xff, 0xff,
    0xfc, 0x0, 0x0, 0xb, 0xff, 0xff, 0xff, 0xc0,
    0x0, 0x0, 0xbf, 0xff, 0xff, 0xfc, 0x0, 0x0,
    0x5, 0x55, 0x57, 0xff, 0xc0, 0x0, 0x0, 0x0,
    0x0, 0x3f, 0xfc, 0x0, 0x0, 0x0, 0x0, 0x3,
    0xff, 0xc0, 0x0, 0x0, 0x0, 0x0, 0x3f, 0xfc,
    0x0, 0x0, 0x0, 0x0, 0x3, 0xff, 0xc0, 0x0,
    0x0, 0x0, 0x0, 0x3f, 0xfc, 0x0, 0x0, 0x0,
    0x0, 0x3, 0xff, 0xc0, 0x0, 0x0, 0x0, 0x0,
    0x3f, 0xfc, 0x0, 0x0, 0x0, 0x0, 0x3, 0xff,
    0xc0, 0x0, 0x0, 0x0, 0x0, 0x3f, 0xfc, 0x0,
    0x0, 0x0, 0x0, 0x3, 0xff, 0xc0, 0x0, 0x0,
    0x0, 0x0, 0x3f, 0xfc, 0x0, 0x0, 0x0, 0x0,
    0x3, 0xff, 0xc0, 0x0, 0x0, 0x0, 0x0, 0x3f,
    0xfc, 0x0, 0x0, 0x0, 0x0, 0x3, 0xff, 0xc0,
    0x0, 0x0, 0x0, 0x0, 0x3f, 0xfc, 0x0, 0x0,
    0x0, 0x0, 0x3, 0xff, 0xc0, 0x0, 0x0, 0x0,
    0x0, 0x3f, 0xfc, 0x0, 0x0, 0x0, 0x0, 0x3,
    0xff, 0xc0, 0x0, 0x0, 0x0, 0x0, 0x3f, 0xfc,
    0x0, 0x0, 0x0, 0x0, 0x3, 0xff, 0xc0, 0x0,
    0x0, 0x0, 0x0, 0x3f, 0xfc, 0x0, 0x0, 0x0,
    0x0, 0x3, 0xff, 0xc0, 0x0, 0x0, 0x0, 0x0,
    0x3f, 0xfe, 0x0, 0x0, 0x0, 0x0, 0x2, 0xff,
    0xfe, 0x55, 0x55, 0x0, 0x0, 0xf, 0xff, 0xff,
    0xff, 0xf0, 0x0, 0x0, 0xbf, 0xff, 0xff, 0xff,
    0x0, 0x0, 0x2, 0xff, 0xff, 0xff, 0xf0, 0x0,
    0x0, 0xb, 0xff, 0xff, 0xff, 0x0, 0x0, 0x0,
    0xb, 0xff, 0xff, 0xf0,

    /* U+006D "m" */
    0xff, 0xd1, 0xfe, 0x0, 0x7f, 0x90, 0x3f, 0xf5,
    0xff, 0xf0, 0x7f, 0xfe, 0xf, 0xfd, 0xff, 0xff,
    0x3f, 0xff, 0xd3, 0xff, 0xbf, 0xff, 0xef, 0xff,
    0xfc, 0xff, 0xfe, 0xbf, 0xff, 0xaf, 0xff, 0x3f,
    0xfc, 0x7, 0xff, 0x0, 0xff, 0xdf, 0xfe, 0x0,
    0xff, 0xc0, 0x3f, 0xfb, 0xff, 0x80, 0x3f, 0xf0,
    0xb, 0xfe, 0xff, 0xe0, 0xf, 0xfc, 0x2, 0xff,
    0xbf, 0xf8, 0x3, 0xff, 0x0, 0xbf, 0xef, 0xfe,
    0x0, 0xff, 0xc0, 0x2f, 0xfb, 0xff, 0x80, 0x3f,
    0xf0, 0xb, 0xfe, 0xff, 0xe0, 0xf, 0xfc, 0x2,
    0xff, 0xbf, 0xf8, 0x3, 0xff, 0x0, 0xbf, 0xef,
    0xfe, 0x0, 0xff, 0xc0, 0x2f, 0xfb, 0xff, 0x80,
    0x3f, 0xf0, 0xb, 0xfe, 0xff, 0xe0, 0xf, 0xfc,
    0x2, 0xff, 0xbf, 0xf8, 0x3, 0xff, 0x0, 0xbf,
    0xef, 0xfe, 0x0, 0xff, 0xc0, 0x2f, 0xfb, 0xff,
    0x80, 0x3f, 0xf0, 0xb, 0xfe, 0xff, 0xe0, 0xf,
    0xfc, 0x2, 0xff, 0xbf, 0xf8, 0x3, 0xff, 0x0,
    0xbf, 0xef, 0xfe, 0x0, 0xff, 0xc0, 0x2f, 0xfb,
    0xff, 0x80, 0x3f, 0xf0, 0xb, 0xfe, 0xff, 0xe0,
    0xf, 0xfc, 0x2, 0xff, 0xbf, 0xf8, 0x3, 0xff,
    0x0, 0xbf, 0xef, 0xfe, 0x0, 0xff, 0xc0, 0x2f,
    0xf8,

    /* U+006E "n" */
    0x7f, 0xf8, 0x6, 0xff, 0x80, 0x1, 0xff, 0xe0,
    0xff, 0xff, 0xe0, 0x7, 0xff, 0x8f, 0xff, 0xff,
    0xe0, 0x1f, 0xfe, 0xff, 0xff, 0xff, 0xe0, 0x7f,
    0xfb, 0xff, 0xff, 0xff, 0xc1, 0xff, 0xff, 0x91,
    0xbf, 0xff, 0x87, 0xff, 0xf0, 0x0, 0x3f, 0xff,
    0x1f, 0xff, 0x40, 0x0, 0x7f, 0xfc, 0x7f, 0xfc,
    0x0, 0x0, 0xff, 0xf1, 0xff, 0xf0, 0x0, 0x3,
    0xff, 0xc7, 0xff, 0x80, 0x0, 0xf, 0xff, 0x1f,
    0xfe, 0x0, 0x0, 0x3f, 0xfc, 0x7f, 0xf8, 0x0,
    0x0, 0xff, 0xf1, 0xff, 0xe0, 0x0, 0x3, 0xff,
    0xc7, 0xff, 0x80, 0x0, 0xf, 0xff, 0x1f, 0xfe,
    0x0, 0x0, 0x3f, 0xfc, 0x7f, 0xf8, 0x0, 0x0,
    0xff, 0xf1, 0xff, 0xe0, 0x0, 0x3, 0xff, 0xc7,
    0xff, 0x80, 0x0, 0xf, 0xff, 0x1f, 0xfe, 0x0,
    0x0, 0x3f, 0xfc, 0x7f, 0xf8, 0x0, 0x0, 0xff,
    0xf1, 0xff, 0xe0, 0x0, 0x3, 0xff, 0xc7, 0xff,
    0x80, 0x0, 0xf, 0xff, 0x1f, 0xfe, 0x0, 0x0,
    0x3f, 0xfc, 0x7f, 0xf8, 0x0, 0x0, 0xff, 0xf1,
    0xff, 0xe0, 0x0, 0x3, 0xff, 0xc7, 0xff, 0x80,
    0x0, 0xf, 0xff, 0x0,

    /* U+006F "o" */
    0x0, 0x1, 0xbf, 0xf9, 0x0, 0x0, 0x0, 0xbf,
    0xff, 0xff, 0x80, 0x0, 0x1f, 0xff, 0xff, 0xff,
    0xc0, 0x1, 0xff, 0xff, 0xff, 0xff, 0xc0, 0xf,
    0xff, 0xff, 0xff, 0xff, 0xc0, 0xbf, 0xff, 0x95,
    0xbf, 0xff, 0x43, 0xff, 0xe0, 0x0, 0x3f, 0xff,
    0x1f, 0xff, 0x0, 0x0, 0x3f, 0xfc, 0x7f, 0xf8,
    0x0, 0x0, 0xff, 0xf6, 0xff, 0xd0, 0x0, 0x2,
    0xff, 0xdb, 0xff, 0x40, 0x0, 0xb, 0xff, 0x6f,
    0xfd, 0x0, 0x0, 0x2f, 0xfd, 0xbf, 0xf4, 0x0,
    0x0, 0xbf, 0xf6, 0xff, 0xd0, 0x0, 0x2, 0xff,
    0xdb, 0xff, 0x40, 0x0, 0xb, 0xff, 0x6f, 0xfd,
    0x0, 0x0, 0x2f, 0xfd, 0xbf, 0xf4, 0x0, 0x0,
    0xbf, 0xf6, 0xff, 0xd0, 0x0, 0x2, 0xff, 0xd7,
    0xff, 0x80, 0x0, 0xf, 0xff, 0x5f, 0xff, 0x0,
    0x0, 0x3f, 0xfc, 0x3f, 0xfe, 0x0, 0x3, 0xff,
    0xf0, 0xbf, 0xff, 0x95, 0xbf, 0xff, 0x40, 0xff,
    0xff, 0xff, 0xff, 0xfc, 0x1, 0xff, 0xff, 0xff,
    0xff, 0xc0, 0x1, 0xff, 0xff, 0xff, 0xfc, 0x0,
    0x0, 0xbf, 0xff, 0xff, 0x80, 0x0, 0x0, 0x1b,
    0xff, 0x90, 0x0, 0x0,

    /* U+0070 "p" */
    0x7f, 0xf8, 0x6, 0xff, 0x80, 0x1, 0xff, 0xe0,
    0xff, 0xff, 0xe0, 0x7, 0xff, 0x8f, 0xff, 0xff,
    0xf0, 0x1f, 0xfe, 0xbf, 0xff, 0xff, 0xe0, 0x7f,
    0xfb, 0xff, 0xff, 0xff, 0xc1, 0xff, 0xff, 0x91,
    0xbf, 0xff, 0x87, 0xff, 0xf0, 0x0, 0x3f, 0xff,
    0x1f, 0xff, 0x40, 0x0, 0x3f, 0xfc, 0x7f, 0xfc,
    0x0, 0x0, 0xff, 0xf5, 0xff, 0xf0, 0x0, 0x2,
    0xff, 0xd7, 0xff, 0x80, 0x0, 0xb, 0xff, 0x5f,
    0xfe, 0x0, 0x0, 0x2f, 0xfd, 0x7f, 0xf8, 0x0,
    0x0, 0xbf, 0xf5, 0xff, 0xe0, 0x0, 0x2, 0xff,
    0xd7, 0xff, 0x80, 0x0, 0xb, 0xff, 0x5f, 0xfe,
    0x0, 0x0, 0x2f, 0xfd, 0x7f, 0xf8, 0x0, 0x0,
    0xbf, 0xf5, 0xff, 0xf0, 0x0, 0x2, 0xff, 0xd7,
    0xff, 0xc0, 0x0, 0xf, 0xff, 0x5f, 0xff, 0x40,
    0x0, 0x3f, 0xfc, 0x7f, 0xff, 0x0, 0x3, 0xff,
    0xf1, 0xff, 0xff, 0x91, 0xbf, 0xff, 0x87, 0xff,
    0xbf, 0xff, 0xff, 0xfc, 0x1f, 0xfe, 0xbf, 0xff,
    0xff, 0xe0, 0x7f, 0xf8, 0xff, 0xff, 0xfe, 0x1,
    0xff, 0xe0, 0xff, 0xff, 0xe0, 0x7, 0xff, 0x80,
    0x6f, 0xf8, 0x0, 0x1f, 0xfe, 0x0, 0x0, 0x0,
    0x0, 0x7f, 0xf8, 0x0, 0x0, 0x0, 0x1, 0xff,
    0xe0, 0x0, 0x0, 0x0, 0x7, 0xff, 0x80, 0x0,
    0x0, 0x0, 0x1f, 0xfe, 0x0, 0x0, 0x0, 0x0,
    0x7f, 0xf8, 0x0, 0x0, 0x0, 0x1, 0xff, 0xe0,
    0x0, 0x0, 0x0, 0x7, 0xff, 0x80, 0x0, 0x0,
    0x0, 0x1f, 0xfe, 0x0, 0x0, 0x0, 0x0,

    /* U+0071 "q" */
    0x0, 0x1b, 0xfe, 0x40, 0xff, 0xf0, 0x2, 0xff,
    0xff, 0x83, 0xff, 0xc0, 0x3f, 0xff, 0xff, 0xcf,
    0xff, 0x3, 0xff, 0xff, 0xff, 0x7f, 0xfc, 0x1f,
    0xff, 0xff, 0xff, 0xff, 0xf0, 0xff, 0xff, 0x51,
    0xbf, 0xff, 0xc3, 0xff, 0xe0, 0x0, 0x7f, 0xff,
    0x1f, 0xff, 0x0, 0x0, 0xbf, 0xfc, 0x7f, 0xf8,
    0x0, 0x0, 0xff, 0xf2, 0xff, 0xd0, 0x0, 0x3,
    0xff, 0xcb, 0xff, 0x40, 0x0, 0xf, 0xff, 0x2f,
    0xfd, 0x0, 0x0, 0x3f, 0xfc, 0xbf, 0xf4, 0x0,
    0x0, 0xff, 0xf2, 0xff, 0xd0, 0x0, 0x3, 0xff,
    0xcb, 0xff, 0x40, 0x0, 0xf, 0xff, 0x2f, 0xfd,
    0x0, 0x0, 0x3f, 0xfc, 0xbf, 0xf4, 0x0, 0x0,
    0xff, 0xf2, 0xff, 0xd0, 0x0, 0x3, 0xff, 0xc7,
    0xff, 0x80, 0x0, 0xf, 0xff, 0x1f, 0xff, 0x0,
    0x0, 0xbf, 0xfc, 0x3f, 0xfe, 0x0, 0x7, 0xff,
    0xf0, 0xff, 0xff, 0x51, 0xbf, 0xff, 0xc1, 0xff,
    0xff, 0xff, 0xff, 0xff, 0x3, 0xff, 0xff, 0xff,
    0x7f, 0xfc, 0x3, 0xff, 0xff, 0xf8, 0xff, 0xf0,
    0x3, 0xff, 0xff, 0x83, 0xff, 0xc0, 0x1, 0xbf,
    0xe0, 0xf, 0xff, 0x0, 0x0, 0x0, 0x0, 0x3f,
    0xfc, 0x0, 0x0, 0x0, 0x0, 0xff, 0xf0, 0x0,
    0x0, 0x0, 0x3, 0xff, 0xc0, 0x0, 0x0, 0x0,
    0xf, 0xff, 0x0, 0x0, 0x0, 0x0, 0x3f, 0xfc,
    0x0, 0x0, 0x0, 0x0, 0xff, 0xf0, 0x0, 0x0,
    0x0, 0x3, 0xff, 0xc0, 0x0, 0x0, 0x0, 0xf,
    0xff, 0x0, 0x0, 0x0, 0x0, 0x3f, 0xfc,

    /* U+0072 "r" */
    0x7f, 0xf8, 0x6, 0xff, 0x90, 0x1, 0xff, 0xe0,
    0xff, 0xff, 0xe0, 0x7, 0xff, 0x8f, 0xff, 0xff,
    0xf0, 0x1f, 0xfe, 0xbf, 0xff, 0xff, 0xe0, 0x7f,
    0xfb, 0xff, 0xff, 0xff, 0xd1, 0xff, 0xff, 0x91,
    0xbf, 0xff, 0x87, 0xff, 0xf0, 0x0, 0x3f, 0xff,
    0x1f, 0xff, 0x40, 0x0, 0x3f, 0xfc, 0x7f, 0xfc,
    0x0, 0x0, 0xff, 0xf5, 0xff, 0xf0, 0x0, 0x2,
    0xff, 0xd7, 0xff, 0x80, 0x0, 0xb, 0xff, 0x5f,
    0xfe, 0x0, 0x0, 0x2f, 0xfd, 0x7f, 0xf8, 0x0,
    0x0, 0x55, 0x51, 0xff, 0xe0, 0x0, 0x0, 0x0,
    0x7, 0xff, 0x80, 0x0, 0x0, 0x0, 0x1f, 0xfe,
    0x0, 0x0, 0x0, 0x0, 0x7f, 0xf8, 0x0, 0x0,
    0x0, 0x1, 0xff, 0xe0, 0x0, 0x0, 0x0, 0x7,
    0xff, 0x80, 0x0, 0x0, 0x0, 0x1f, 0xfe, 0x0,
    0x0, 0x0, 0x0, 0x7f, 0xf8, 0x0, 0x0, 0x0,
    0x1, 0xff, 0xe0, 0x0, 0x0, 0x0, 0x7, 0xff,
    0x80, 0x0, 0x0, 0x0, 0x1f, 0xfe, 0x0, 0x0,
    0x0, 0x0, 0x7f, 0xf8, 0x0, 0x0, 0x0, 0x1,
    0xff, 0xe0, 0x0, 0x0, 0x0, 0x7, 0xff, 0x80,
    0x0, 0x0, 0x0, 0x0,

    /* U+0073 "s" */
    0x0, 0x1b, 0xff, 0xfe, 0x40, 0x0, 0x7, 0xff,
    0xff, 0xff, 0xe0, 0x0, 0xbf, 0xff, 0xff, 0xff,
    0xf0, 0x7, 0xff, 0xff, 0xff, 0xff, 0xf0, 0x3f,
    0xff, 0xfa, 0xbf, 0xff, 0xe1, 0xff, 0xf4, 0x0,
    0xb, 0xff, 0xc7, 0xff, 0x40, 0x0, 0xf, 0xff,
    0x2f, 0xfd, 0x0, 0x0, 0x15, 0x54, 0x7f, 0xf4,
    0x0, 0x0, 0x0, 0x1, 0xff, 0xf4, 0x0, 0x0,
    0x0, 0x3, 0xff, 0xff, 0xe9, 0x0, 0x0, 0xb,
    0xff, 0xff, 0xff, 0xf9, 0x0, 0xf, 0xff, 0xff,
    0xff, 0xfe, 0x0, 0xf, 0xff, 0xff, 0xff, 0xff,
    0x0, 0x7, 0xff, 0xff, 0xff, 0xfe, 0x0, 0x0,
    0x5a, 0xff, 0xff, 0xfc, 0x0, 0x0, 0x0, 0x6,
    0xff, 0xf4, 0x0, 0x0, 0x0, 0x2, 0xff, 0xe0,
    0x0, 0x0, 0x0, 0x3, 0xff, 0xaf, 0xfc, 0x0,
    0x0, 0xf, 0xfe, 0xbf, 0xf4, 0x0, 0x0, 0x7f,
    0xf9, 0xff, 0xf4, 0x0, 0x7, 0xff, 0xd3, 0xff,
    0xff, 0xff, 0xff, 0xff, 0x7, 0xff, 0xff, 0xff,
    0xff, 0xf4, 0xb, 0xff, 0xff, 0xff, 0xff, 0x80,
    0x7, 0xff, 0xff, 0xff, 0xf4, 0x0, 0x0, 0xbf,
    0xff, 0xe8, 0x0, 0x0,

    /* U+0074 "t" */
    0x0, 0x0, 0xff, 0xf0, 0x0, 0x0, 0x0, 0x0,
    0x3f, 0xfc, 0x0, 0x0, 0x0, 0x0, 0xf, 0xff,
    0x0, 0x0, 0x0, 0x0, 0x3, 0xff, 0xc0, 0x0,
    0x0, 0x0, 0x0, 0xff, 0xf0, 0x0, 0x0, 0x0,
    0x0, 0x3f, 0xfc, 0x0, 0x0, 0x0, 0x0, 0xf,
    0xff, 0x0, 0x0, 0x1, 0xff, 0xff, 0xff, 0xff,
    0xff, 0xfe, 0x7f, 0xff, 0xff, 0xff, 0xff, 0xff,
    0x9f, 0xff, 0xff, 0xff, 0xff, 0xff, 0xe7, 0xff,
    0xff, 0xff, 0xff, 0xff, 0xf9, 0xff, 0xff, 0xff,
    0xff, 0xff, 0xfe, 0x15, 0x55, 0xff, 0xf5, 0x55,
    0x55, 0x0, 0x0, 0x3f, 0xfc, 0x0, 0x0, 0x0,
    0x0, 0xf, 0xff, 0x0, 0x0, 0x0, 0x0, 0x3,
    0xff, 0xc0, 0x0, 0x0, 0x0, 0x0, 0xff, 0xf0,
    0x0, 0x0, 0x0, 0x0, 0x3f, 0xfc, 0x0, 0x0,
    0x0, 0x0, 0xf, 0xff, 0x0, 0x0, 0x0, 0x0,
    0x3, 0xff, 0xc0, 0x0, 0x0, 0x0, 0x0, 0xff,
    0xf0, 0x0, 0x0, 0x0, 0x0, 0x3f, 0xfc, 0x0,
    0x0, 0x0, 0x0, 0xf, 0xff, 0x0, 0x0, 0x0,
    0x0, 0x3, 0xff, 0xc0, 0x0, 0x0, 0x0, 0x0,
    0xff, 0xf0, 0x0, 0x0, 0x0, 0x0, 0x3f, 0xfc,
    0x0, 0x0, 0x0, 0x0, 0xf, 0xff, 0x0, 0x0,
    0x0, 0x0, 0x3, 0xff, 0xe0, 0x0, 0x0, 0x0,
    0x0, 0xbf, 0xfe, 0x55, 0x55, 0x0, 0x0, 0x1f,
    0xff, 0xff, 0xff, 0xd0, 0x0, 0x3, 0xff, 0xff,
    0xff, 0xf4, 0x0, 0x0, 0x3f, 0xff, 0xff, 0xfd,
    0x0, 0x0, 0x3, 0xff, 0xff, 0xff, 0x40, 0x0,
    0x0, 0x1b, 0xff, 0xff, 0xd0,

    /* U+0075 "u" */
    0x7f, 0xf8, 0x0, 0x0, 0xff, 0xf1, 0xff, 0xe0,
    0x0, 0x3, 0xff, 0xc7, 0xff, 0x80, 0x0, 0xf,
    0xff, 0x1f, 0xfe, 0x0, 0x0, 0x3f, 0xfc, 0x7f,
    0xf8, 0x0, 0x0, 0xff, 0xf1, 0xff, 0xe0, 0x0,
    0x3, 0xff, 0xc7, 0xff, 0x80, 0x0, 0xf, 0xff,
    0x1f, 0xfe, 0x0, 0x0, 0x3f, 0xfc, 0x7f, 0xf8,
    0x0, 0x0, 0xff, 0xf1, 0xff, 0xe0, 0x0, 0x3,
    0xff, 0xc7, 0xff, 0x80, 0x0, 0xf, 0xff, 0x1f,
    0xfe, 0x0, 0x0, 0x3f, 0xfc, 0x7f, 0xf8, 0x0,
    0x0, 0xff, 0xf1, 0xff, 0xe0, 0x0, 0x3, 0xff,
    0xc7, 0xff, 0x80, 0x0, 0xf, 0xff, 0x1f, 0xfe,
    0x0, 0x0, 0x3f, 0xfc, 0x7f, 0xf8, 0x0, 0x0,
    0xff, 0xf1, 0xff, 0xe0, 0x0, 0x3, 0xff, 0xc3,
    0xff, 0xc0, 0x0, 0xf, 0xff, 0xf, 0xff, 0x40,
    0x0, 0xbf, 0xfc, 0x3f, 0xff, 0x0, 0x7, 0xff,
    0xe0, 0x7f, 0xff, 0x95, 0xbf, 0xff, 0x0, 0xff,
    0xff, 0xff, 0xff, 0xf8, 0x0, 0xff, 0xff, 0xff,
    0xff, 0xc0, 0x0, 0xff, 0xff, 0xff, 0xfc, 0x0,
    0x0, 0xbf, 0xff, 0xff, 0x40, 0x0, 0x0, 0x1b,
    0xff, 0x90, 0x0, 0x0,

    /* U+0076 "v" */
    0x3f, 0xfc, 0x0, 0x0, 0x1, 0xff, 0xf0, 0xff,
    0xf4, 0x0, 0x0, 0xb, 0xff, 0x81, 0xff, 0xf0,
    0x0, 0x0, 0x3f, 0xfd, 0x3, 0xff, 0xc0, 0x0,
    0x1, 0xff, 0xf0, 0xf, 0xff, 0x40, 0x0, 0xb,
    0xff, 0x80, 0x1f, 0xfe, 0x0, 0x0, 0x3f, 0xfd,
    0x0, 0x3f, 0xfc, 0x0, 0x1, 0xff, 0xf0, 0x0,
    0xff, 0xf4, 0x0, 0xb, 0xff, 0x80, 0x1, 0xff,
    0xe0, 0x0, 0x3f, 0xfd, 0x0, 0x3, 0xff, 0xc0,
    0x0, 0xff, 0xf0, 0x0, 0xf, 0xff, 0x40, 0x7,
    0xff, 0x80, 0x0, 0x1f, 0xfe, 0x0, 0x3f, 0xfd,
    0x0, 0x0, 0x3f, 0xfc, 0x0, 0xff, 0xf0, 0x0,
    0x0, 0xff, 0xf0, 0x7, 0xff, 0x80, 0x0, 0x2,
    0xff, 0xe0, 0x2f, 0xfd, 0x0, 0x0, 0x3, 0xff,
    0xc0, 0xff, 0xf0, 0x0, 0x0, 0xf, 0xff, 0x7,
    0xff, 0x80, 0x0, 0x0, 0x2f, 0xfd, 0x2f, 0xfd,
    0x0, 0x0, 0x0, 0x3f, 0xf8, 0xff, 0xf0, 0x0,
    0x0, 0x0, 0xff, 0xf3, 0xff, 0x80, 0x0, 0x0,
    0x2, 0xff, 0xdf, 0xfd, 0x0, 0x0, 0x0, 0x3,
    0xff, 0xff, 0xf0, 0x0, 0x0, 0x0, 0xf, 0xff,
    0xff, 0x80, 0x0, 0x0, 0x0, 0x2f, 0xff, 0xfd,
    0x0, 0x0, 0x0, 0x0, 0x3f, 0xff, 0xf0, 0x0,
    0x0, 0x0, 0x0, 0xff, 0xff, 0x80, 0x0, 0x0,
    0x0, 0x2, 0xff, 0xfd, 0x0, 0x0, 0x0,

    /* U+0077 "w" */
    0x3f, 0xe0, 0x0, 0xff, 0xc0, 0x2, 0xff, 0xf,
    0xf8, 0x0, 0x7f, 0xf0, 0x0, 0xff, 0xc3, 0xff,
    0x0, 0x1f, 0xfd, 0x0, 0x3f, 0xe0, 0xbf, 0xc0,
    0xb, 0xff, 0x80, 0xf, 0xf4, 0x2f, 0xf0, 0x3,
    0xff, 0xe0, 0x3, 0xfd, 0x7, 0xfd, 0x0, 0xff,
    0xfc, 0x1, 0xff, 0x0, 0xff, 0x40, 0x3f, 0xbf,
    0x0, 0xbf, 0xc0, 0x3f, 0xe0, 0x1f, 0xdf, 0xc0,
    0x2f, 0xf0, 0xf, 0xf8, 0xb, 0xf3, 0xf4, 0xf,
    0xf8, 0x3, 0xff, 0x2, 0xfc, 0xfe, 0x3, 0xfe,
    0x0, 0xbf, 0xc0, 0xfe, 0x3f, 0x80, 0xff, 0x40,
    0x1f, 0xf0, 0x3f, 0x8b, 0xf0, 0x3f, 0xc0, 0x7,
    0xfd, 0xf, 0xd2, 0xfc, 0x1f, 0xf0, 0x0, 0xff,
    0x47, 0xf0, 0x7f, 0xb, 0xfc, 0x0, 0x3f, 0xe2,
    0xfc, 0x1f, 0xd2, 0xff, 0x0, 0xf, 0xf8, 0xbf,
    0x3, 0xf8, 0xff, 0x80, 0x2, 0xff, 0x3f, 0x80,
    0xfe, 0x3f, 0xd0, 0x0, 0xbf, 0xcf, 0xe0, 0x3f,
    0xcf, 0xf4, 0x0, 0x1f, 0xf7, 0xf4, 0xb, 0xf7,
    0xfc, 0x0, 0x7, 0xfd, 0xfd, 0x2, 0xfd, 0xff,
    0x0, 0x0, 0xff, 0xbf, 0x0, 0x7f, 0xbf, 0xc0,
    0x0, 0x3f, 0xff, 0xc0, 0xf, 0xff, 0xe0, 0x0,
    0xf, 0xff, 0xf0, 0x3, 0xff, 0xf8, 0x0, 0x2,
    0xff, 0xf8, 0x0, 0xff, 0xfd, 0x0, 0x0, 0x7f,
    0xfd, 0x0, 0x3f, 0xff, 0x0, 0x0, 0x1f, 0xff,
    0x40, 0xb, 0xff, 0xc0, 0x0, 0x3, 0xff, 0xc0,
    0x1, 0xff, 0xf0, 0x0,

    /* U+0078 "x" */
    0x1f, 0xff, 0x40, 0x0, 0xb, 0xff, 0xc0, 0x2f,
    0xff, 0x0, 0x0, 0x3f, 0xfe, 0x0, 0x3f, 0xfe,
    0x0, 0x3, 0xff, 0xf0, 0x0, 0x7f, 0xfd, 0x0,
    0x1f, 0xff, 0x0, 0x0, 0xbf, 0xfc, 0x0, 0xff,
    0xf8, 0x0, 0x0, 0xff, 0xf8, 0xb, 0xff, 0xc0,
    0x0, 0x1, 0xff, 0xf0, 0x7f, 0xfc, 0x0, 0x0,
    0x2, 0xff, 0xe3, 0xff, 0xe0, 0x0, 0x0, 0x3,
    0xff, 0xdf, 0xff, 0x0, 0x0, 0x0, 0x7, 0xff,
    0xff, 0xf4, 0x0, 0x0, 0x0, 0xb, 0xff, 0xff,
    0x80, 0x0, 0x0, 0x0, 0xf, 0xff, 0xfc, 0x0,
    0x0, 0x0, 0x0, 0x1f, 0xff, 0xd0, 0x0, 0x0,
    0x0, 0x0, 0x7f, 0xff, 0x0, 0x0, 0x0, 0x0,
    0x3, 0xff, 0xff, 0x0, 0x0, 0x0, 0x0, 0x2f,
    0xff, 0xfe, 0x0, 0x0, 0x0, 0x1, 0xff, 0xff,
    0xfc, 0x0, 0x0, 0x0, 0xf, 0xff, 0xbf, 0xfc,
    0x0, 0x0, 0x0, 0xbf, 0xf8, 0xff, 0xf4, 0x0,
    0x0, 0x7, 0xff, 0xc1, 0xff, 0xf0, 0x0, 0x0,
    0x3f, 0xfe, 0x2, 0xff, 0xf0, 0x0, 0x2, 0xff,
    0xf0, 0x3, 0xff, 0xd0, 0x0, 0x1f, 0xff, 0x40,
    0xb, 0xff, 0xc0, 0x0, 0xff, 0xf8, 0x0, 0xf,
    0xff, 0xc0, 0xb, 0xff, 0xc0, 0x0, 0x1f, 0xff,
    0x40, 0x7f, 0xfd, 0x0, 0x0, 0x2f, 0xff, 0x3,
    0xff, 0xf0, 0x0, 0x0, 0x3f, 0xfe, 0x0,

    /* U+0079 "y" */
    0x3f, 0xfc, 0x0, 0x0, 0x1, 0xff, 0xf0, 0xbf,
    0xf8, 0x0, 0x0, 0xf, 0xff, 0x81, 0xff, 0xf0,
    0x0, 0x0, 0x3f, 0xfc, 0x3, 0xff, 0xd0, 0x0,
    0x1, 0xff, 0xf0, 0xb, 0xff, 0x80, 0x0, 0xf,
    0xff, 0x40, 0xf, 0xff, 0x0, 0x0, 0x3f, 0xfc,
    0x0, 0x3f, 0xfd, 0x0, 0x1, 0xff, 0xf0, 0x0,
    0x7f, 0xfc, 0x0, 0xf, 0xff, 0x40, 0x0, 0xff,
    0xf0, 0x0, 0x3f, 0xfc, 0x0, 0x2, 0xff, 0xe0,
    0x1, 0xff, 0xe0, 0x0, 0x3, 0xff, 0xc0, 0xf,
    0xff, 0x40, 0x0, 0xf, 0xff, 0x40, 0x3f, 0xfc,
    0x0, 0x0, 0x1f, 0xfe, 0x2, 0xff, 0xe0, 0x0,
    0x0, 0x3f, 0xfc, 0xf, 0xff, 0x0, 0x0, 0x0,
    0xbf, 0xf4, 0x3f, 0xfc, 0x0, 0x0, 0x1, 0xff,
    0xe1, 0xff, 0xe0, 0x0, 0x0, 0x3, 0xff, 0xcf,
    0xff, 0x0, 0x0, 0x0, 0x7, 0xff, 0x7f, 0xfc,
    0x0, 0x0, 0x0, 0xf, 0xfe, 0xff, 0xd0, 0x0,
    0x0, 0x0, 0x2f, 0xff, 0xff, 0x0, 0x0, 0x0,
    0x0, 0x7f, 0xff, 0xf8, 0x0, 0x0, 0x0, 0x0,
    0xff, 0xff, 0xd0, 0x0, 0x0, 0x0, 0x2, 0xff,
    0xff, 0x0, 0x0, 0x0, 0x0, 0x3, 0xff, 0xf8,
    0x0, 0x0, 0x0, 0x0, 0xf, 0xff, 0xd0, 0x0,
    0x0, 0x0, 0x0, 0x1f, 0xff, 0x0, 0x0, 0x0,
    0x0, 0x0, 0xbf, 0xf8, 0x0, 0x0, 0x0, 0x0,
    0x3, 0xff, 0xc0, 0x0, 0x0, 0x0, 0x0, 0x1f,
    0xff, 0x0, 0x0, 0x0, 0x0, 0x0, 0xbf, 0xf8,
    0x0, 0x0, 0x0, 0x0, 0x3, 0xff, 0xc0, 0x0,
    0x0, 0x0, 0x0, 0x1f, 0xff, 0x0, 0x0, 0x0,
    0x0, 0x0, 0xff, 0xf4, 0x0, 0x0, 0x0, 0x0,
    0x3, 0xff, 0xc0, 0x0, 0x0, 0x0, 0x0, 0x2f,
    0xfe, 0x0, 0x0, 0x0, 0x0, 0x0, 0xff, 0xf4,
    0x0, 0x0, 0x0,

    /* U+007A "z" */
    0x3f, 0xff, 0xff, 0xff, 0xff, 0xe0, 0xff, 0xff,
    0xff, 0xff, 0xff, 0x83, 0xff, 0xff, 0xff, 0xff,
    0xfe, 0xf, 0xff, 0xff, 0xff, 0xff, 0xf8, 0x3f,
    0xff, 0xff, 0xff, 0xff, 0xe0, 0x15, 0x55, 0x55,
    0x7f, 0xff, 0x40, 0x0, 0x0, 0x2, 0xff, 0xf8,
    0x0, 0x0, 0x0, 0x1f, 0xff, 0xc0, 0x0, 0x0,
    0x0, 0xff, 0xfc, 0x0, 0x0, 0x0, 0xf, 0xff,
    0xc0, 0x0, 0x0, 0x0, 0xff, 0xfc, 0x0, 0x0,
    0x0, 0xb, 0xff, 0xd0, 0x0, 0x0, 0x0, 0xbf,
    0xfd, 0x0, 0x0, 0x0, 0x7, 0xff, 0xe0, 0x0,
    0x0, 0x0, 0x7f, 0xff, 0x0, 0x0, 0x0, 0x3,
    0xff, 0xf0, 0x0, 0x0, 0x0, 0x3f, 0xff, 0x0,
    0x0, 0x0, 0x3, 0xff, 0xf0, 0x0, 0x0, 0x0,
    0x2f, 0xff, 0x40, 0x0, 0x0, 0x2, 0xff, 0xf4,
    0x0, 0x0, 0x0, 0x1f, 0xff, 0x80, 0x0, 0x0,
    0x0, 0xff, 0xfd, 0x55, 0x55, 0x55, 0x47, 0xff,
    0xff, 0xff, 0xff, 0xff, 0x1f, 0xff, 0xff, 0xff,
    0xff, 0xfc, 0x7f, 0xff, 0xff, 0xff, 0xff, 0xf1,
    0xff, 0xff, 0xff, 0xff, 0xff, 0xc7, 0xff, 0xff,
    0xff, 0xff, 0xff, 0x0,

    /* U+007B "{" */
    0x0, 0x0, 0x0, 0x0, 0x5a, 0x90, 0x0, 0x0,
    0x2, 0xff, 0xfe, 0x0, 0x0, 0x0, 0xff, 0xff,
    0xe0, 0x0, 0x0, 0x3f, 0xff, 0xfe, 0x0, 0x0,
    0xb, 0xff, 0xff, 0xe0, 0x0, 0x0, 0xff, 0xff,
    0xfe, 0x0, 0x0, 0x1f, 0xff, 0xd0, 0x0, 0x0,
    0x2, 0xff, 0xf0, 0x0, 0x0, 0x0, 0x2f, 0xfe,
    0x0, 0x0, 0x0, 0x1, 0xff, 0xe0, 0x0, 0x0,
    0x0, 0x1f, 0xfe, 0x0, 0x0, 0x0, 0x1, 0xff,
    0xe0, 0x0, 0x0, 0x0, 0xf, 0xff, 0x0, 0x0,
    0x0, 0x0, 0xff, 0xf0, 0x0, 0x0, 0x0, 0xf,
    0xff, 0x0, 0x0, 0x0, 0x0, 0xff, 0xf0, 0x0,
    0x0, 0x0, 0xf, 0xff, 0x0, 0x0, 0x0, 0x0,
    0xff, 0xf0, 0x0, 0x0, 0x0, 0xf, 0xff, 0x0,
    0x0, 0x0, 0x2, 0xff, 0xf0, 0x0, 0x6a, 0xaa,
    0xff, 0xfd, 0x0, 0xb, 0xff, 0xff, 0xff, 0x40,
    0x0, 0xbf, 0xff, 0xff, 0x80, 0x0, 0xb, 0xff,
    0xff, 0xe4, 0x0, 0x0, 0xbf, 0xff, 0xff, 0xf0,
    0x0, 0xb, 0xff, 0xff, 0xff, 0xc0, 0x0, 0x0,
    0x0, 0x7f, 0xfe, 0x0, 0x0, 0x0, 0x0, 0xff,
    0xf0, 0x0, 0x0, 0x0, 0xf, 0xff, 0x0, 0x0,
    0x0, 0x0, 0xff, 0xf0, 0x0, 0x0, 0x0, 0xf,
    0xff, 0x0, 0x0, 0x0, 0x0, 0xff, 0xf0, 0x0,
    0x0, 0x0, 0xf, 0xff, 0x0, 0x0, 0x0, 0x0,
    0xff, 0xf0, 0x0, 0x0, 0x0, 0xf, 0xfe, 0x0,
    0x0, 0x0, 0x1, 0xff, 0xe0, 0x0, 0x0, 0x0,
    0x1f, 0xfe, 0x0, 0x0, 0x0, 0x2, 0xff, 0xd0,
    0x0, 0x0, 0x0, 0x2f, 0xfe, 0x0, 0x0, 0x0,
    0x1, 0xff, 0xf4, 0x0, 0x0, 0x0, 0x1f, 0xff,
    0xfa, 0x90, 0x0, 0x0, 0xff, 0xff, 0xfe, 0x0,
    0x0, 0x7, 0xff, 0xff, 0xe0, 0x0, 0x0, 0x2f,
    0xff, 0xfe, 0x0, 0x0, 0x0, 0x7f, 0xff, 0xe0,
    0x0, 0x0, 0x0, 0x6f, 0xfe,

    /* U+007C "|" */
    0x15, 0x52, 0xff, 0xdb, 0xff, 0x6f, 0xfd, 0xbf,
    0xf6, 0xff, 0xdb, 0xff, 0x6f, 0xfd, 0xbf, 0xf6,
    0xff, 0xdb, 0xff, 0x6f, 0xfd, 0xbf, 0xf6, 0xff,
    0xdb, 0xff, 0x6f, 0xfd, 0xbf, 0xf6, 0xff, 0xdb,
    0xff, 0x6f, 0xfd, 0xbf, 0xf6, 0xff, 0xdb, 0xff,
    0x6f, 0xfd, 0xbf, 0xf6, 0xff, 0xdb, 0xff, 0x6f,
    0xfd, 0xbf, 0xf6, 0xff, 0xdb, 0xff, 0x6f, 0xfd,
    0xbf, 0xf6, 0xff, 0xdb, 0xff, 0x6f, 0xfd, 0xbf,
    0xf6, 0xff, 0xdb, 0xff, 0x6f, 0xfd, 0xbf, 0xf6,
    0xff, 0xdb, 0xff, 0x6f, 0xfd, 0xbf, 0xf6, 0xff,
    0xd0,

    /* U+007D "}" */
    0x6a, 0x90, 0x0, 0x0, 0x0, 0xb, 0xff, 0xf4,
    0x0, 0x0, 0x0, 0xbf, 0xff, 0xf0, 0x0, 0x0,
    0xb, 0xff, 0xff, 0xc0, 0x0, 0x0, 0xbf, 0xff,
    0xfe, 0x0, 0x0, 0xb, 0xff, 0xff, 0xf0, 0x0,
    0x0, 0x0, 0x7f, 0xff, 0x40, 0x0, 0x0, 0x0,
    0xff, 0xf4, 0x0, 0x0, 0x0, 0xb, 0xff, 0x40,
    0x0, 0x0, 0x0, 0xbf, 0xf0, 0x0, 0x0, 0x0,
    0xf, 0xff, 0x0, 0x0, 0x0, 0x0, 0xff, 0xf0,
    0x0, 0x0, 0x0, 0xf, 0xff, 0x0, 0x0, 0x0,
    0x0, 0xff, 0xe0, 0x0, 0x0, 0x0, 0x1f, 0xfe,
    0x0, 0x0, 0x0, 0x1, 0xff, 0xd0, 0x0, 0x0,
    0x0, 0x2f, 0xfd, 0x0, 0x0, 0x0, 0x2, 0xff,
    0xd0, 0x0, 0x0, 0x0, 0x2f, 0xfe, 0x0, 0x0,
    0x0, 0x1, 0xff, 0xf0, 0x0, 0x0, 0x0, 0xf,
    0xff, 0xea, 0xaa, 0x90, 0x0, 0x3f, 0xff, 0xff,
    0xfd, 0x0, 0x0, 0x7f, 0xff, 0xff, 0xd0, 0x0,
    0x2, 0xff, 0xff, 0xfd, 0x0, 0x2, 0xff, 0xff,
    0xff, 0xd0, 0x0, 0xbf, 0xff, 0xff, 0xfd, 0x0,
    0xf, 0xff, 0x80, 0x0, 0x0, 0x2, 0xff, 0xe0,
    0x0, 0x0, 0x0, 0x2f, 0xfd, 0x0, 0x0, 0x0,
    0x2, 0xff, 0xd0, 0x0, 0x0, 0x0, 0x2f, 0xfd,
    0x0, 0x0, 0x0, 0x1, 0xff, 0xe0, 0x0, 0x0,
    0x0, 0x1f, 0xfe, 0x0, 0x0, 0x0, 0x0, 0xff,
    0xf0, 0x0, 0x0, 0x0, 0xf, 0xff, 0x0, 0x0,
    0x0, 0x0, 0xff, 0xf0, 0x0, 0x0, 0x0, 0xf,
    0xff, 0x0, 0x0, 0x0, 0x0, 0xbf, 0xf4, 0x0,
    0x0, 0x0, 0xf, 0xff, 0x40, 0x0, 0x0, 0x2,
    0xff, 0xf4, 0x0, 0x0, 0x6a, 0xff, 0xff, 0x0,
    0x0, 0xb, 0xff, 0xff, 0xf0, 0x0, 0x0, 0xbf,
    0xff, 0xfc, 0x0, 0x0, 0xb, 0xff, 0xff, 0x40,
    0x0, 0x0, 0xbf, 0xff, 0xd0, 0x0, 0x0, 0xb,
    0xff, 0x90, 0x0, 0x0, 0x0,

    /* U+007E "~" */
    0x0, 0x7f, 0xf4, 0x0, 0x0, 0x0, 0x1, 0xff,
    0xff, 0xc0, 0x0, 0xff, 0xd1, 0xff, 0xff, 0xfc,
    0x0, 0x3f, 0xf4, 0xff, 0xff, 0xff, 0xc0, 0xf,
    0xfd, 0x3f, 0xff, 0xff, 0xf8, 0x3, 0xff, 0x5f,
    0xfc, 0xf, 0xff, 0x80, 0xff, 0xc7, 0xfe, 0x0,
    0xff, 0xff, 0xff, 0xf2, 0xff, 0x80, 0xf, 0xff,
    0xff, 0xf8, 0xbf, 0xe0, 0x1, 0xff, 0xff, 0xfc,
    0x2f, 0xf8, 0x0, 0x1f, 0xff, 0xfc, 0x0, 0x0,
    0x0, 0x0, 0x7f, 0xe4, 0x0
};


/*---------------------
 *  GLYPH DESCRIPTION
 *--------------------*/

static const lv_font_fmt_txt_glyph_dsc_t glyph_dsc[] = {
    {.bitmap_index = 0, .adv_w = 0, .box_w = 0, .box_h = 0, .ofs_x = 0, .ofs_y = 0} /* id = 0 reserved */,
    {.bitmap_index = 0, .adv_w = 461, .box_w = 0, .box_h = 0, .ofs_x = 0, .ofs_y = 0},
    {.bitmap_index = 0, .adv_w = 461, .box_w = 9, .box_h = 35, .ofs_x = 10, .ofs_y = 0},
    {.bitmap_index = 79, .adv_w = 461, .box_w = 19, .box_h = 15, .ofs_x = 5, .ofs_y = 20},
    {.bitmap_index = 151, .adv_w = 461, .box_w = 27, .box_h = 35, .ofs_x = 1, .ofs_y = 0},
    {.bitmap_index = 388, .adv_w = 461, .box_w = 25, .box_h = 49, .ofs_x = 2, .ofs_y = -7},
    {.bitmap_index = 695, .adv_w = 461, .box_w = 29, .box_h = 35, .ofs_x = 0, .ofs_y = 0},
    {.bitmap_index = 949, .adv_w = 461, .box_w = 30, .box_h = 35, .ofs_x = 0, .ofs_y = 0},
    {.bitmap_index = 1212, .adv_w = 461, .box_w = 7, .box_h = 15, .ofs_x = 11, .ofs_y = 20},
    {.bitmap_index = 1239, .adv_w = 461, .box_w = 16, .box_h = 47, .ofs_x = 8, .ofs_y = -6},
    {.bitmap_index = 1427, .adv_w = 461, .box_w = 16, .box_h = 47, .ofs_x = 5, .ofs_y = -6},
    {.bitmap_index = 1615, .adv_w = 461, .box_w = 27, .box_h = 26, .ofs_x = 1, .ofs_y = 4},
    {.bitmap_index = 1791, .adv_w = 461, .box_w = 24, .box_h = 23, .ofs_x = 2, .ofs_y = 4},
    {.bitmap_index = 1929, .adv_w = 461, .box_w = 10, .box_h = 15, .ofs_x = 9, .ofs_y = -8},
    {.bitmap_index = 1967, .adv_w = 461, .box_w = 17, .box_h = 6, .ofs_x = 6, .ofs_y = 13},
    {.bitmap_index = 1993, .adv_w = 461, .box_w = 10, .box_h = 9, .ofs_x = 9, .ofs_y = 0},
    {.bitmap_index = 2016, .adv_w = 461, .box_w = 24, .box_h = 46, .ofs_x = 2, .ofs_y = -5},
    {.bitmap_index = 2292, .adv_w = 461, .box_w = 23, .box_h = 35, .ofs_x = 3, .ofs_y = 0},
    {.bitmap_index = 2494, .adv_w = 461, .box_w = 24, .box_h = 35, .ofs_x = 3, .ofs_y = 0},
    {.bitmap_index = 2704, .adv_w = 461, .box_w = 23, .box_h = 35, .ofs_x = 3, .ofs_y = 0},
    {.bitmap_index = 2906, .adv_w = 461, .box_w = 24, .box_h = 35, .ofs_x = 2, .ofs_y = 0},
    {.bitmap_index = 3116, .adv_w = 461, .box_w = 23, .box_h = 35, .ofs_x = 2, .ofs_y = 0},
    {.bitmap_index = 3318, .adv_w = 461, .box_w = 24, .box_h = 35, .ofs_x = 2, .ofs_y = 0},
    {.bitmap_index = 3528, .adv_w = 461, .box_w = 25, .box_h = 35, .ofs_x = 2, .ofs_y = 0},
    {.bitmap_index = 3747, .adv_w = 461, .box_w = 24, .box_h = 35, .ofs_x = 3, .ofs_y = 0},
    {.bitmap_index = 3957, .adv_w = 461, .box_w = 25, .box_h = 35, .ofs_x = 2, .ofs_y = 0},
    {.bitmap_index = 4176, .adv_w = 461, .box_w = 25, .box_h = 35, .ofs_x = 2, .ofs_y = 0},
    {.bitmap_index = 4395, .adv_w = 461, .box_w = 10, .box_h = 27, .ofs_x = 9, .ofs_y = 0},
    {.bitmap_index = 4463, .adv_w = 461, .box_w = 11, .box_h = 35, .ofs_x = 8, .ofs_y = -8},
    {.bitmap_index = 4560, .adv_w = 461, .box_w = 23, .box_h = 28, .ofs_x = 3, .ofs_y = 2},
    {.bitmap_index = 4721, .adv_w = 461, .box_w = 22, .box_h = 18, .ofs_x = 3, .ofs_y = 7},
    {.bitmap_index = 4820, .adv_w = 461, .box_w = 23, .box_h = 28, .ofs_x = 3, .ofs_y = 2},
    {.bitmap_index = 4981, .adv_w = 461, .box_w = 19, .box_h = 35, .ofs_x = 5, .ofs_y = 0},
    {.bitmap_index = 5148, .adv_w = 461, .box_w = 27, .box_h = 44, .ofs_x = 1, .ofs_y = -9},
    {.bitmap_index = 5445, .adv_w = 461, .box_w = 27, .box_h = 35, .ofs_x = 1, .ofs_y = 0},
    {.bitmap_index = 5682, .adv_w = 461, .box_w = 24, .box_h = 35, .ofs_x = 3, .ofs_y = 0},
    {.bitmap_index = 5892, .adv_w = 461, .box_w = 23, .box_h = 35, .ofs_x = 3, .ofs_y = 0},
    {.bitmap_index = 6094, .adv_w = 461, .box_w = 23, .box_h = 35, .ofs_x = 3, .ofs_y = 0},
    {.bitmap_index = 6296, .adv_w = 461, .box_w = 22, .box_h = 35, .ofs_x = 4, .ofs_y = 0},
    {.bitmap_index = 6489, .adv_w = 461, .box_w = 23, .box_h = 35, .ofs_x = 3, .ofs_y = 0},
    {.bitmap_index = 6691, .adv_w = 461, .box_w = 23, .box_h = 35, .ofs_x = 3, .ofs_y = 0},
    {.bitmap_index = 6893, .adv_w = 461, .box_w = 23, .box_h = 35, .ofs_x = 3, .ofs_y = 0},
    {.bitmap_index = 7095, .adv_w = 461, .box_w = 21, .box_h = 35, .ofs_x = 4, .ofs_y = 0},
    {.bitmap_index = 7279, .adv_w = 461, .box_w = 24, .box_h = 35, .ofs_x = 1, .ofs_y = 0},
    {.bitmap_index = 7489, .adv_w = 461, .box_w = 25, .box_h = 35, .ofs_x = 3, .ofs_y = 0},
    {.bitmap_index = 7708, .adv_w = 461, .box_w = 22, .box_h = 35, .ofs_x = 5, .ofs_y = 0},
    {.bitmap_index = 7901, .adv_w = 461, .box_w = 25, .box_h = 35, .ofs_x = 2, .ofs_y = 0},
    {.bitmap_index = 8120, .adv_w = 461, .box_w = 23, .box_h = 35, .ofs_x = 3, .ofs_y = 0},
    {.bitmap_index = 8322, .adv_w = 461, .box_w = 23, .box_h = 35, .ofs_x = 3, .ofs_y = 0},
    {.bitmap_index = 8524, .adv_w = 461, .box_w = 24, .box_h = 35, .ofs_x = 3, .ofs_y = 0},
    {.bitmap_index = 8734, .adv_w = 461, .box_w = 24, .box_h = 44, .ofs_x = 3, .ofs_y = -9},
    {.bitmap_index = 8998, .adv_w = 461, .box_w = 24, .box_h = 35, .ofs_x = 3, .ofs_y = 0},
    {.bitmap_index = 9208, .adv_w = 461, .box_w = 25, .box_h = 35, .ofs_x = 2, .ofs_y = 0},
    {.bitmap_index = 9427, .adv_w = 461, .box_w = 25, .box_h = 35, .ofs_x = 2, .ofs_y = 0},
    {.bitmap_index = 9646, .adv_w = 461, .box_w = 23, .box_h = 35, .ofs_x = 3, .ofs_y = 0},
    {.bitmap_index = 9848, .adv_w = 461, .box_w = 27, .box_h = 35, .ofs_x = 1, .ofs_y = 0},
    {.bitmap_index = 10085, .adv_w = 461, .box_w = 29, .box_h = 35, .ofs_x = 0, .ofs_y = 0},
    {.bitmap_index = 10339, .adv_w = 461, .box_w = 27, .box_h = 35, .ofs_x = 1, .ofs_y = 0},
    {.bitmap_index = 10576, .adv_w = 461, .box_w = 27, .box_h = 35, .ofs_x = 1, .ofs_y = 0},
    {.bitmap_index = 10813, .adv_w = 461, .box_w = 23, .box_h = 35, .ofs_x = 3, .ofs_y = 0},
    {.bitmap_index = 11015, .adv_w = 461, .box_w = 15, .box_h = 46, .ofs_x = 8, .ofs_y = -5},
    {.bitmap_index = 11188, .adv_w = 461, .box_w = 24, .box_h = 46, .ofs_x = 2, .ofs_y = -5},
    {.bitmap_index = 11464, .adv_w = 461, .box_w = 14, .box_h = 46, .ofs_x = 6, .ofs_y = -5},
    {.bitmap_index = 11625, .adv_w = 461, .box_w = 23, .box_h = 19, .ofs_x = 3, .ofs_y = 16},
    {.bitmap_index = 11735, .adv_w = 461, .box_w = 24, .box_h = 6, .ofs_x = 2, .ofs_y = -7},
    {.bitmap_index = 11771, .adv_w = 461, .box_w = 13, .box_h = 7, .ofs_x = 6, .ofs_y = 31},
    {.bitmap_index = 11794, .adv_w = 461, .box_w = 24, .box_h = 27, .ofs_x = 2, .ofs_y = 0},
    {.bitmap_index = 11956, .adv_w = 461, .box_w = 23, .box_h = 35, .ofs_x = 3, .ofs_y = 0},
    {.bitmap_index = 12158, .adv_w = 461, .box_w = 23, .box_h = 27, .ofs_x = 3, .ofs_y = 0},
    {.bitmap_index = 12314, .adv_w = 461, .box_w = 23, .box_h = 35, .ofs_x = 3, .ofs_y = 0},
    {.bitmap_index = 12516, .adv_w = 461, .box_w = 23, .box_h = 27, .ofs_x = 3, .ofs_y = 0},
    {.bitmap_index = 12672, .adv_w = 461, .box_w = 24, .box_h = 35, .ofs_x = 2, .ofs_y = 0},
    {.bitmap_index = 12882, .adv_w = 461, .box_w = 23, .box_h = 36, .ofs_x = 3, .ofs_y = -9},
    {.bitmap_index = 13089, .adv_w = 461, .box_w = 23, .box_h = 35, .ofs_x = 3, .ofs_y = 0},
    {.bitmap_index = 13291, .adv_w = 461, .box_w = 24, .box_h = 38, .ofs_x = 3, .ofs_y = 0},
    {.bitmap_index = 13519, .adv_w = 461, .box_w = 20, .box_h = 47, .ofs_x = 3, .ofs_y = -9},
    {.bitmap_index = 13754, .adv_w = 461, .box_w = 25, .box_h = 35, .ofs_x = 3, .ofs_y = 0},
    {.bitmap_index = 13973, .adv_w = 461, .box_w = 26, .box_h = 35, .ofs_x = 1, .ofs_y = 0},
    {.bitmap_index = 14201, .adv_w = 461, .box_w = 25, .box_h = 27, .ofs_x = 2, .ofs_y = 0},
    {.bitmap_index = 14370, .adv_w = 461, .box_w = 23, .box_h = 27, .ofs_x = 3, .ofs_y = 0},
    {.bitmap_index = 14526, .adv_w = 461, .box_w = 23, .box_h = 27, .ofs_x = 3, .ofs_y = 0},
    {.bitmap_index = 14682, .adv_w = 461, .box_w = 23, .box_h = 36, .ofs_x = 3, .ofs_y = -9},
    {.bitmap_index = 14889, .adv_w = 461, .box_w = 23, .box_h = 36, .ofs_x = 3, .ofs_y = -9},
    {.bitmap_index = 15096, .adv_w = 461, .box_w = 23, .box_h = 27, .ofs_x = 4, .ofs_y = 0},
    {.bitmap_index = 15252, .adv_w = 461, .box_w = 23, .box_h = 27, .ofs_x = 3, .ofs_y = 0},
    {.bitmap_index = 15408, .adv_w = 461, .box_w = 25, .box_h = 34, .ofs_x = 1, .ofs_y = 0},
    {.bitmap_index = 15621, .adv_w = 461, .box_w = 23, .box_h = 27, .ofs_x = 3, .ofs_y = 0},
    {.bitmap_index = 15777, .adv_w = 461, .box_w = 27, .box_h = 27, .ofs_x = 1, .ofs_y = 0},
    {.bitmap_index = 15960, .adv_w = 461, .box_w = 29, .box_h = 27, .ofs_x = 0, .ofs_y = 0},
    {.bitmap_index = 16156, .adv_w = 461, .box_w = 27, .box_h = 27, .ofs_x = 1, .ofs_y = 0},
    {.bitmap_index = 16339, .adv_w = 461, .box_w = 27, .box_h = 36, .ofs_x = 1, .ofs_y = -9},
    {.bitmap_index = 16582, .adv_w = 461, .box_w = 23, .box_h = 27, .ofs_x = 3, .ofs_y = 0},
    {.bitmap_index = 16738, .adv_w = 461, .box_w = 22, .box_h = 46, .ofs_x = 3, .ofs_y = -5},
    {.bitmap_index = 16991, .adv_w = 461, .box_w = 7, .box_h = 46, .ofs_x = 11, .ofs_y = -5},
    {.bitmap_index = 17072, .adv_w = 461, .box_w = 22, .box_h = 46, .ofs_x = 4, .ofs_y = -5},
    {.bitmap_index = 17325, .adv_w = 461, .box_w = 25, .box_h = 11, .ofs_x = 2, .ofs_y = 11}
};

/*---------------------
 *  CHARACTER MAPPING
 *--------------------*/



/*Collect the unicode lists and glyph_id offsets*/
static const lv_font_fmt_txt_cmap_t cmaps[] =
{
    {
        .range_start = 32, .range_length = 95, .glyph_id_start = 1,
        .unicode_list = NULL, .glyph_id_ofs_list = NULL, .list_length = 0, .type = LV_FONT_FMT_TXT_CMAP_FORMAT0_TINY
    }
};



/*--------------------
 *  ALL CUSTOM DATA
 *--------------------*/

#if LVGL_VERSION_MAJOR == 8
/*Store all the custom data of the font*/
static  lv_font_fmt_txt_glyph_cache_t cache;
#endif

#if LVGL_VERSION_MAJOR >= 8
static const lv_font_fmt_txt_dsc_t font_dsc = {
#else
static lv_font_fmt_txt_dsc_t font_dsc = {
#endif
    .glyph_bitmap = glyph_bitmap,
    .glyph_dsc = glyph_dsc,
    .cmaps = cmaps,
    .kern_dsc = NULL,
    .kern_scale = 0,
    .cmap_num = 1,
    .bpp = 2,
    .kern_classes = 0,
    .bitmap_format = 0,
#if LVGL_VERSION_MAJOR == 8
    .cache = &cache
#endif
};



/*-----------------
 *  PUBLIC FONT
 *----------------*/

/*Initialize a public general font descriptor*/
#if LVGL_VERSION_MAJOR >= 8
const lv_font_t Mono_48 = {
#else
lv_font_t Mono_48 = {
#endif
    .get_glyph_dsc = lv_font_get_glyph_dsc_fmt_txt,    /*Function pointer to get glyph's data*/
    .get_glyph_bitmap = lv_font_get_bitmap_fmt_txt,    /*Function pointer to get glyph's bitmap*/
    .line_height = 51,          /*The maximum line height required by the font*/
    .base_line = 9,             /*Baseline measured from the bottom of the line*/
#if !(LVGL_VERSION_MAJOR == 6 && LVGL_VERSION_MINOR == 0)
    .subpx = LV_FONT_SUBPX_NONE,
#endif
#if LV_VERSION_CHECK(7, 4, 0) || LVGL_VERSION_MAJOR >= 8
    .underline_position = -7,
    .underline_thickness = 2,
#endif
    .dsc = &font_dsc,          /*The custom font data. Will be accessed by `get_glyph_bitmap/dsc` */
#if LV_VERSION_CHECK(8, 2, 0) || LVGL_VERSION_MAJOR >= 9
    .fallback = NULL,
#endif
    .user_data = NULL,
};



#endif /*#if MONO_48*/

